PRAGMA foreign_keys = on;

INSERT INTO ALUNO VALUES('202001000','Gonçalo Vilhena Pinto da Silva','240837834','rua 2 numero 1 Espinho','28-1-2002');
INSERT INTO ALUNO VALUES('202001001','Guilherme Brandão Monteiro ','246566640','rua 2 numero 2 Espinho','21-11-2001');
INSERT INTO ALUNO VALUES('202001002','Guilherme Carvalho de Sousa','248890224','rua 2 numero 3 Espinho','2-7-2002');
INSERT INTO ALUNO VALUES('202001003','Guilherme Correia da Silva Coutinho ','240701508','rua 2 numero 4 Espinho','4-2-2002');
INSERT INTO ALUNO VALUES('202001004','Guilherme Cortes Pina Oliveira Santos','242505105','rua 2 numero 5 Espinho','20-5-2002');
INSERT INTO ALUNO VALUES('202001005','Guilherme de Oliveira Coelho ','244486516','rua 2 numero 6 Espinho','1-10-2002');
INSERT INTO ALUNO VALUES('202001006','Guilherme de Sousa Ribeiro ','242063919','rua 2 numero 7 Espinho','24-3-2002');
INSERT INTO ALUNO VALUES('202001007','Haochang Fu ','249627172','rua 2 numero 8 Espinho','11-6-2001');
INSERT INTO ALUNO VALUES('202001008','Hélder Gabriel Silva Costa ','240476933','rua 2 numero 9 Espinho','2-1-2002');
INSERT INTO ALUNO VALUES('202001009','Henrique Filipe Pereira da Silva Caridade ','245982605','rua 2 numero 10 Espinho','1-11-2002');
INSERT INTO ALUNO VALUES('202001010','Henrique Manuel Cordeiro Rodrigues Garde ','244401210','rua 3 numero 1 Espinho','21-5-2002');
INSERT INTO ALUNO VALUES('202001011','Hugo Melvin Monteiro Trindade ','243412616','rua 3 numero 2 Espinho','5-9-2002');
INSERT INTO ALUNO VALUES('202001012','Hugo Miguel Gonçalves da Costa','240058151','rua 3 numero 3 Espinho','13-7-2002');
INSERT INTO ALUNO VALUES('202001013','Ian da Nóbrega Beltrão ','240761672','rua 3 numero 4 Espinho','14-4-2002');
INSERT INTO ALUNO VALUES('202001014','Igor Cherstnev ','246600026','rua 3 numero 5 Espinho','14-10-2001');
INSERT INTO ALUNO VALUES('202001015','Igor Monteiro de Andrade ','243433166','rua 3 numero 6 Espinho','2-2-2002');
INSERT INTO ALUNO VALUES('202001016','Inês Alexandre Queirós Matos Macedo de Oliveira','245384656','rua 3 numero 7 Espinho','9-1-2002');
INSERT INTO ALUNO VALUES('202001017','Inês Caldeira Sampaio dos Aidos ','241261397','rua 3 numero 8 Espinho','18-7-2001');
INSERT INTO ALUNO VALUES('202001018','Inês Martin Soares','247321114','rua 3 numero 9 Espinho','9-7-2002');
INSERT INTO ALUNO VALUES('202001019','Isabel Maria Lima Moutinho ','241166910','rua 3 numero 10 Espinho','8-5-2002');
INSERT INTO ALUNO VALUES('202001020','Ivan Eugénio Williams Muba','242487090','rua 4 numero 1 Espinho','4-6-2002');
INSERT INTO ALUNO VALUES('202001021','Jaime Francisco Rodrigues Fonseca','242651126','rua 4 numero 2 Espinho','18-1-2002');
INSERT INTO ALUNO VALUES('202001022','Jennifer Cristina José Manuel Ricard','245464321','rua 4 numero 3 Espinho','4-4-2002');
INSERT INTO ALUNO VALUES('202001023','Joana Cerqueira Maia','242745226','rua 4 numero 4 Espinho','6-1-2002');
INSERT INTO ALUNO VALUES('202001024','Joana Rita Batista Marques','246016156','rua 4 numero 5 Espinho','16-4-2002');
INSERT INTO ALUNO VALUES('202001025','João Afonso Carvalho Viveiros ','240283588','rua 4 numero 6 Espinho','28-6-2002');
INSERT INTO ALUNO VALUES('202001026','João Afonso da Silva Gaspar ','242034783','rua 4 numero 7 Espinho','13-7-2001');
INSERT INTO ALUNO VALUES('202001027','João Afonso Oliveira Teixeira Santos','242249527','rua 4 numero 8 Espinho','11-6-2002');
INSERT INTO ALUNO VALUES('202001028','João António Teixeira Coelho','245449556','rua 4 numero 9 Espinho','9-1-2002');
INSERT INTO ALUNO VALUES('202001029','João Brandão Alves','245545112','rua 4 numero 10 Espinho','3-3-2002');
INSERT INTO ALUNO VALUES('202001030','João Carlos Tomé Longras ','242926332','rua 5 numero 1 Espinho','5-5-2002');
INSERT INTO ALUNO VALUES('202001031','João Castro Magalhães','247506093','rua 5 numero 2 Espinho','24-4-2002');
INSERT INTO ALUNO VALUES('202001032','João das Neves Fernandes ','248831319','rua 5 numero 3 Espinho','13-1-2002');
INSERT INTO ALUNO VALUES('202001033','João Diogo Figueiredo ','242995233','rua 5 numero 4 Espinho','21-1-2002');
INSERT INTO ALUNO VALUES('202001034','João Filipe Campos Pedro','248683619','rua 5 numero 5 Espinho','20-4-2002');
INSERT INTO ALUNO VALUES('202001035','João Filipe de Menezes Falcão e Sousa Guedes','249375360','rua 5 numero 6 Espinho','24-2-2002');
INSERT INTO ALUNO VALUES('202001036','João Filipe Moreno Martins','240169332','rua 5 numero 7 Espinho','8-7-2002');
INSERT INTO ALUNO VALUES('202001037','João Filipe Oliveira Ramos ','241526006','rua 5 numero 8 Espinho','8-5-2001');
INSERT INTO ALUNO VALUES('202001038','João Guimarães Mota ','241104757','rua 5 numero 9 Espinho','26-5-2001');
INSERT INTO ALUNO VALUES('202001039','João Macedo Lima','247608078','rua 5 numero 10 Espinho','27-6-2002');
INSERT INTO ALUNO VALUES('202001040','João Mendes Silva Belchior ','246411665','rua 6 numero 1 Espinho','11-6-2002');
INSERT INTO ALUNO VALUES('202001041','João Miguel da Silva Lourenço ','242388634','rua 6 numero 2 Espinho','6-10-2001');
INSERT INTO ALUNO VALUES('202001042','João Miguel de Castro Figueiredo ','244296116','rua 6 numero 3 Espinho','18-9-2002');
INSERT INTO ALUNO VALUES('202001043','João Miguel Vieira Cardoso','246357236','rua 6 numero 4 Espinho','21-10-2001');
INSERT INTO ALUNO VALUES('202001044','João Moreira da Silva ','240216728','rua 6 numero 5 Espinho','27-10-2002');
INSERT INTO ALUNO VALUES('202001045','João Pacheco Veiga Dias da Silva','248308379','rua 6 numero 6 Espinho','11-11-2002');
INSERT INTO ALUNO VALUES('202001046','João Paulo de Jesus Pereira Correia da Silva','240538645','rua 6 numero 7 Espinho','10-10-2001');
INSERT INTO ALUNO VALUES('202001047','João Paulo Vieira da Silv','242668417','rua 6 numero 8 Espinho','22-1-2002');
INSERT INTO ALUNO VALUES('202001048','João Pedro Antão Sobral','245449586','rua 6 numero 9 Espinho','3-1-2002');
INSERT INTO ALUNO VALUES('202001049','João Pedro Carvalho Correia','247296974','rua 6 numero 10 Espinho','5-1-2002');
INSERT INTO ALUNO VALUES('202001050','João Pedro Cruz Moreira de Oliveira','242034001','rua 7 numero 1 Espinho','10-4-2002');
INSERT INTO ALUNO VALUES('202001051','João Pedro Dias Fernandes ','245377784','rua 7 numero 2 Espinho','10-4-2002');
INSERT INTO ALUNO VALUES('202001052','Joao Pedro Ferreira Gomes Lopes Genesio','242522059','rua 7 numero 3 Espinho','9-4-2002');
INSERT INTO ALUNO VALUES('202001053','João Pedro Matos Gonçalves','240047303','rua 7 numero 4 Espinho','10-11-2002');
INSERT INTO ALUNO VALUES('202001054','João Pedro Moreira Costa ','246904245','rua 7 numero 5 Espinho','16-11-2002');
INSERT INTO ALUNO VALUES('202001055','João Pedro Oliveira Sequeira','245327906','rua 7 numero 6 Espinho','14-4-2002');
INSERT INTO ALUNO VALUES('202001056','João Pedro Rodrigues Coutinho ','245041508','rua 7 numero 7 Espinho','7-8-2002');
INSERT INTO ALUNO VALUES('202001057','João Pedro Sá Torres Neiva Passos ','242276825','rua 7 numero 8 Espinho','6-2-2002');
INSERT INTO ALUNO VALUES('202001058','João Pedro Seabra Pedrosa Botelho de Sousa','245367521','rua 7 numero 9 Espinho','4-11-2001');
INSERT INTO ALUNO VALUES('202001059','João Pedro Silva Duarte','246904104','rua 7 numero 10 Espinho','17-3-2001');
INSERT INTO ALUNO VALUES('202001060','Joao Rui Farias Soares do Rego','249845437','rua 8 numero 1 Espinho','7-4-2002');
INSERT INTO ALUNO VALUES('202001061','João Tiago Morais Lourenço ','241749886','rua 8 numero 2 Espinho','26-8-2002');
INSERT INTO ALUNO VALUES('202001062','João Tomás Cardinal Pinho Teixeira ','247559603','rua 8 numero 3 Espinho','3-5-2001');
INSERT INTO ALUNO VALUES('202001063','João Tomás Cardoso Mata','247654828','rua 8 numero 4 Espinho','10-9-2002');
INSERT INTO ALUNO VALUES('202001064','Joao Tomas Matos Fernandes Garcia Padrao ','248583221','rua 8 numero 5 Espinho','1-2-2002');
INSERT INTO ALUNO VALUES('202001065','João Torre Onofre Pereira ','248995461','rua 8 numero 6 Espinho','20-11-2002');
INSERT INTO ALUNO VALUES('202001066','João Victor Botelho Duarte ','243783317','rua 8 numero 7 Espinho','2-11-2002');
INSERT INTO ALUNO VALUES('202001067','João Vitor Silva Santos','241057309','rua 8 numero 8 Espinho','27-1-2001');
INSERT INTO ALUNO VALUES('202001068','Joaquim Afonso Marques da Cunha ','244831604','rua 8 numero 9 Espinho','17-8-2002');
INSERT INTO ALUNO VALUES('202001069','Jorge André Colaço Restivo','248681726','rua 8 numero 10 Espinho','15-10-2002');
INSERT INTO ALUNO VALUES('202001070','José António Pereira Martins ','245302879','rua 9 numero 1 Espinho','16-11-2002');
INSERT INTO ALUNO VALUES('202001071','José António Rodrigues Ribeiro ','248720594','rua 9 numero 2 Espinho','25-3-2002');
INSERT INTO ALUNO VALUES('202001072','José Francisco Reis Pedreiras Neves Veiga ','247636118','rua 9 numero 3 Espinho','19-8-2002');
INSERT INTO ALUNO VALUES('202001073','Jose Henrique Nogueira Campos de Morais Pinheiro','246290133','rua 9 numero 4 Espinho','26-6-2001');
INSERT INTO ALUNO VALUES('202001074','José Luiz Rodriguez Caribé ','248786865','rua 9 numero 5 Espinho','5-5-2001');
INSERT INTO ALUNO VALUES('202001075','José Manuel Fernandes Felisberto','246848035','rua 9 numero 6 Espinho','15-1-2002');
INSERT INTO ALUNO VALUES('202001076','José Marcelino Zacarias Júnio','243026316','rua 9 numero 7 Espinho','23-4-2002');
INSERT INTO ALUNO VALUES('202001077','José Martim Peixoto Campos','247916380','rua 9 numero 8 Espinho','11-11-2002');
INSERT INTO ALUNO VALUES('202001078','José Miguel Sereno Santos ','242969351','rua 9 numero 9 Espinho','11-3-2002');
INSERT INTO ALUNO VALUES('202001079','José Nuno Barbosa Quintas ','241069784','rua 9 numero 10 Espinho','27-8-2001');
INSERT INTO ALUNO VALUES('202001080','José Pedro Almeida Batista de Sousa Santos','245080601','rua 10 numero 1 Espinho','21-6-2002');
INSERT INTO ALUNO VALUES('202001081','José Pedro Evans de Carvalho Nobre Joao ','249591102','rua 10 numero 2 Espinho','18-6-2002');
INSERT INTO ALUNO VALUES('202001082','José Pedro Soares de Oliveira','242675184','rua 10 numero 3 Espinho','26-1-2002');
INSERT INTO ALUNO VALUES('202001083','Jose Pedro Trocado Ferreira','241830927','rua 10 numero 4 Espinho','16-3-2002');
INSERT INTO ALUNO VALUES('202001084','Kaamil Nurmahomed Hassan','245305271','rua 10 numero 5 Espinho','5-4-2002');
INSERT INTO ALUNO VALUES('202001085','Kendira Noory Veríssimo Santos','241442628','rua 10 numero 6 Espinho','21-1-2002');
INSERT INTO ALUNO VALUES('202001086','Lara Inês Alves Cunha','242880111','rua 10 numero 7 Espinho','16-2-2001');
INSERT INTO ALUNO VALUES('202001087','Lara Santos Bastos ','246558822','rua 10 numero 8 Espinho','12-10-2002');
INSERT INTO ALUNO VALUES('202001088','Letícia Mendes Coelho','241414897','rua 10 numero 9 Espinho','7-4-2002');
INSERT INTO ALUNO VALUES('202001089','Lia Margarida Mota Sobral ','247233301','rua 10 numero 10 Espinho','22-6-2002');
INSERT INTO ALUNO VALUES('202001090','Lino Branco Vaz ','246975365','rua 11 numero 1 Espinho','11-2-2002');
INSERT INTO ALUNO VALUES('202001091','Lucas Bittencourt de Farias','243953236','rua 11 numero 2 Espinho','27-9-2002');
INSERT INTO ALUNO VALUES('202001092','Luís Carlos Ferreira Freitas','245492162','rua 11 numero 3 Espinho','6-7-2002');
INSERT INTO ALUNO VALUES('202001093','Luís Carlos Novais Alves ','240015438','rua 11 numero 4 Espinho','25-3-2002');
INSERT INTO ALUNO VALUES('202001094','Luís Filipe da Silva Jesus ','245400817','rua 11 numero 5 Espinho','13-1-2002');
INSERT INTO ALUNO VALUES('202001095','Luís Filipe Gonçalves Fernandes','246634011','rua 11 numero 6 Espinho','18-5-2002');
INSERT INTO ALUNO VALUES('202001096','Luís Filipe Moura Oliveira da Silveira Contreira','246488312','rua 11 numero 7 Espinho','26-9-2002');
INSERT INTO ALUNO VALUES('202001097','Luis Manuel Alves da Cruz','244701089','rua 11 numero 8 Espinho','20-6-2002');
INSERT INTO ALUNO VALUES('202001098','Luís Manuel Ribeiro de Sousa ','247893444','rua 11 numero 9 Espinho','1-9-2002');
INSERT INTO ALUNO VALUES('202001099','Luís Miguel Lima Tavares ','246847035','rua 11 numero 10 Espinho','23-3-2002');



INSERT INTO DEPARTAMENTO VALUES('DEC','Departamento de Engenharia Civil');
INSERT INTO DEPARTAMENTO VALUES('DEM','Departamento de Engenharia de Minas');
INSERT INTO DEPARTAMENTO VALUES('DEMec','Departamento de Engenharia Mecânica');
INSERT INTO DEPARTAMENTO VALUES('DEGI','Departamento de Engenharia e Gestão Industrial');
INSERT INTO DEPARTAMENTO VALUES('DEEC','Departamento de Engenharia Eletrotécnica e de Computadores');
INSERT INTO DEPARTAMENTO VALUES('DEF','Departamento de Engenharia Fisica');
INSERT INTO DEPARTAMENTO VALUES('DEI','Departamento de Engenharia Informática');
INSERT INTO DEPARTAMENTO VALUES('DEMM','Departamento de Engenharia Metalurgica e dos Materiais');
INSERT INTO DEPARTAMENTO VALUES('DEQ','Departamento de Engenharia Quimica');


INSERT INTO CURSO VALUES('9552','Mestrado em Bioengenharia','DEQ');
INSERT INTO CURSO VALUES('9553','Mestrado em Engenharia Civil','DEC');
INSERT INTO CURSO VALUES('9554','Mestrado em Engenharia de Minas','DEM');
INSERT INTO CURSO VALUES('9555','Mestrado em Departamento de Engenharia Mecânica','DEMec');
INSERT INTO CURSO VALUES('9556','Mestrado em Engenharia e Gestão Industrial','DEGI');
INSERT INTO CURSO VALUES('9557','Mestrado em Engenharia Eletrotécnica e de Computadores','DEEC');
INSERT INTO CURSO VALUES('9558','Mestrado em Engenharia Fisica','DEF');
INSERT INTO CURSO VALUES('9559','Mestrado em Estruturas de Engenharia Civil','DEC');
INSERT INTO CURSO VALUES('9560','Mestrado em Engenharia Informática e Computacao','DEI');
INSERT INTO CURSO VALUES('9561','Mestrado em Engenharia de Software','DEI');
INSERT INTO CURSO VALUES('9562','Mestrado em Engenharia Quimica','DEQ');

INSERT INTO CURSO VALUES('9541','Licenciatura em Bioengenharia','DEQ');
INSERT INTO CURSO VALUES('9542','Licenciatura em Engenharia Civil','DEC');
INSERT INTO CURSO VALUES('9543','Licenciatura em Engenharia de Minas','DEM');
INSERT INTO CURSO VALUES('9544','Licenciatura em Departamento de Engenharia Mecânica','DEMec');
INSERT INTO CURSO VALUES('9545','Licenciatura em Engenharia e Gestão Industrial','DEGI');
INSERT INTO CURSO VALUES('9546','Licenciatura em Engenharia Eletrotécnica e de Computadores','DEEC');
INSERT INTO CURSO VALUES('9547','Licenciatura em Engenharia Fisica','DEF');
INSERT INTO CURSO VALUES('9548','Licenciatura em Engenharia do Ambiente','DEQ');
INSERT INTO CURSO VALUES('9549','Licenciatura em Engenharia Informática e Computacao','DEI');
INSERT INTO CURSO VALUES('9550','Licenciatura em Engenharia de Materiais','DEMM');
INSERT INTO CURSO VALUES('9551','Licenciatura em Engenharia Quimica','DEQ');


INSERT INTO ESTATUTO VALUES('1','5000','Professor Catedrático');
INSERT INTO ESTATUTO VALUES('2','4000','Professor Associado c/ Agregação');
INSERT INTO ESTATUTO VALUES('3','3600','Professor Auxiliar c/ Agregação');
INSERT INTO ESTATUTO VALUES('4','3200','Professor Auxiliar s/Agregação');
INSERT INTO ESTATUTO VALUES('5','2300','Professor Assistente');
INSERT INTO ESTATUTO VALUES('6','1800','Professor Assistente Estagiário');
INSERT INTO ESTATUTO VALUES('7','4600','Professor Coordenador Principal');
INSERT INTO ESTATUTO VALUES('8','3000','Professor Adjunto');
INSERT INTO ESTATUTO VALUES('9','3800','Professor Coordenador c/Agregação');
INSERT INTO ESTATUTO VALUES('10','3900','Professor Associado s/ Agregação');
INSERT INTO ESTATUTO VALUES('11','2500','Assistente Mestre e Doutor');


INSERT INTO MESTRADO VALUES('9552','6878','50','4');
INSERT INTO MESTRADO VALUES('9553','9569','150','3');
INSERT INTO MESTRADO VALUES('9554','6917','50','3'); 
INSERT INTO MESTRADO VALUES('9555','6361','150','4');
INSERT INTO MESTRADO VALUES('9556','9420','150','4'); 
INSERT INTO MESTRADO VALUES('9557','MB40','150','4');
INSERT INTO MESTRADO VALUES('9558','9422','150','4');
INSERT INTO MESTRADO VALUES('9559','6640','150','4'); 
INSERT INTO MESTRADO VALUES('9560','MC54','150','4');
INSERT INTO MESTRADO VALUES('9561','6295','50','4'); 
INSERT INTO MESTRADO VALUES('9562','6362','150','3');

  
INSERT INTO LICENCIATURA VALUES('9541','9540','120','7');
INSERT INTO LICENCIATURA VALUES('9542','9089','200','6');
INSERT INTO LICENCIATURA VALUES('9543','L236','200','6');
INSERT INTO LICENCIATURA VALUES('9544','9123','200','6'); 
INSERT INTO LICENCIATURA VALUES('9545','9104','200','8');       
INSERT INTO LICENCIATURA VALUES('9546','L209','200','6');
INSERT INTO LICENCIATURA VALUES('9547','9113','200','6');
INSERT INTO LICENCIATURA VALUES('9548','9099','200','6');
INSERT INTO LICENCIATURA VALUES('9549','L224','200','7');
INSERT INTO LICENCIATURA VALUES('9550','9096','200','6');
INSERT INTO LICENCIATURA VALUES('9551','9125','200','6');


INSERT INTO DOCENTE VALUES('0','Adriano Alexandre dos Santos Machado','0AAdSM','AdrianoAlexandredosSantosMachado@gmail.com','1','DEMM');
INSERT INTO DOCENTE VALUES('1','Afonso Castro Vaz Osorio ','1ACVO','AfonsoCastroVazOsorio@gmail.com','6','DEMec');
INSERT INTO DOCENTE VALUES('2','Afonso Gouveia Dias ','2AGD','AfonsoGouveiaDias@gmail.com','7','DEEC');
INSERT INTO DOCENTE VALUES('3','Afonso Machado Neves ','3AMN','AfonsoMachadoNeves@gmail.com','7','DEF');
INSERT INTO DOCENTE VALUES('4','Alberto Daniel Alves Serra ','4ADAS','AlbertoDanielAlvesSerra@gmail.com','7','DEEC');
INSERT INTO DOCENTE VALUES('5','Aléssia Águeda Tiberio Jorge ','5AATJ','AléssiaAguedaTiberioJorge@gmail.com','1','DEGI');
INSERT INTO DOCENTE VALUES('6','Alexandre Henrique Silva dos Santos ','6AHSdS','AlexandreHenriqueSilvadosSantos@gmail.com','8','DEGI');
INSERT INTO DOCENTE VALUES('7','Ana Carolina da Costa Coutinho ','7ACdCC','AnaCarolinadaCostaCoutinho@gmail.com','3','DEC');
INSERT INTO DOCENTE VALUES('8','Ana Carolina Ribeirinho Soares Almeida ','8ACRSA','AnaCarolinaRibeirinhoSoaresAlmeida@gmail.com','2','DEF');
INSERT INTO DOCENTE VALUES('9','Ana Catarina Novais da Silva ','9ACNdS','AnaCatarinaNovaisdaSilva@gmail.com','8','DEGI');
INSERT INTO DOCENTE VALUES('10','Ana Ferreira Cosme ','10AFC','AnaFerreiraCosme@gmail.com','9','DEEC');
INSERT INTO DOCENTE VALUES('11','Ana Margarida dos Santos Pessoa ','11AMdSP','AnaMargaridadosSantosPessoa@gmail.com','4','DEMM');
INSERT INTO DOCENTE VALUES('12','Ana Raquel Rodrigues dos Reis ','12ARRdR','AnaRaquelRodriguesdosReis@gmail.com','9','DEGI');
INSERT INTO DOCENTE VALUES('13','Ana Rita Varanda Cachaldora Pereira','13ARVCP','AnaRitaVarandaCachaldoraPereira@gmail.com','6','DEI');
INSERT INTO DOCENTE VALUES('14','Ana Sofia Ferreira Azevedo','14ASFA','AnaSofiaFerreiraAzevedo@gmail.com','2','DEEC');
INSERT INTO DOCENTE VALUES('15','André Bernardo Ferreira Santos','15ABFS','AndréBernardoFerreiraSantos@gmail.com','7','DEM');
INSERT INTO DOCENTE VALUES('16','André Dantas Rodrigues','16ADR','AndréDantasRodrigues@gmail.com','3','DEI');
INSERT INTO DOCENTE VALUES('17','André David Aires de Freitas','17ADAdF','AndréDavidAiresdeFreitas@gmail.com','8','DEEC');
INSERT INTO DOCENTE VALUES('18','André dos Santos Faria Relva','18AdSFR','AndrédosSantosFariaRelva@gmail.com','7','DEQ');
INSERT INTO DOCENTE VALUES('19','André Gabriel Correia Vieira','19AGCV','AndréGabrielCorreiaVieira@gmail.com','1','DEI');
INSERT INTO DOCENTE VALUES('20','André Gonçalves Pinto','20AGP','AndréGonçalvesPinto@gmail.com','6','DEGI');
INSERT INTO DOCENTE VALUES('21','André Moreira Teixeira','21AMT','AndréMoreiraTeixeira@gmail.com','5','DEMec');
INSERT INTO DOCENTE VALUES('22','André Pinto de Sousa','22APdS','AndréPintodeSousa@gmail.com','1','DEEC');
INSERT INTO DOCENTE VALUES('23','André Tiago Moreira Soares da Costa e Silva','23ATMSdCeS','AndréTiagoMoreiraSoaresdaCostaeSilva@gmail.com','6','DEI');
INSERT INTO DOCENTE VALUES('24','Andreia Filipa Gonçalves Silva','24AFGS','AndreiaFilipaGonçalvesSilva@gmail.com','6','DEEC');
INSERT INTO DOCENTE VALUES('25','Anete Medina Pereira','25AMP','AneteMedinaPereira@gmail.com','2','DEGI');
INSERT INTO DOCENTE VALUES('26','Antonio Costa Rego','26ACR','AntonioCostaRego@gmail.com','6','DEMM');
INSERT INTO DOCENTE VALUES('27','António Félix da Costa Ricardo Romão','27AFdCRR','AntónioFélixdaCostaRicardoRomão@gmail.com','8','DEMM');
INSERT INTO DOCENTE VALUES('28','António Guilherme Sanches de Magalhães Koch e Silva','28AGSdMKeS','AntónioGuilhermeSanchesdeMagalhãesKocheSilva@gmail.com','5','DEMec');
INSERT INTO DOCENTE VALUES('29','António Henrique Martins Azevedo','29AHMA','AntónioHenriqueMartinsAzevedo@gmail.com','8','DEEC');
INSERT INTO DOCENTE VALUES('30','Antonio Marujo Rama','30AMR','AntonioMarujoRama@gmail.com','10','DEM');
INSERT INTO DOCENTE VALUES('31','António Miguel Miller Aguiar Tavares','31AMMAT','AntónioMiguelMillerAguiarTavares@gmail.com','2','DEEC');
INSERT INTO DOCENTE VALUES('32','António Pedro Cabral dos Santos','32APCdS','AntónioPedroCabraldosSantos@gmail.com','10','DEQ');
INSERT INTO DOCENTE VALUES('33','António Rodolfo de Almeida Seara Ferreira','33ARdASF','AntónioRodolfodeAlmeidaSearaFerreira@gmail.com','9','DEMec');
INSERT INTO DOCENTE VALUES('34','Artur José Albuquerque Oliveira','34AJAO','ArturJoséAlbuquerqueOliveira@gmail.com','3','DEQ');
INSERT INTO DOCENTE VALUES('35','Artur Telo Luís','35ATL','ArturTeloLuís@gmail.com','8','DEC');
INSERT INTO DOCENTE VALUES('36','Athos Coghi Freitas','36ACF','AthosCoghiFreitas@gmail.com','3','DEMec');
INSERT INTO DOCENTE VALUES('37','Beatriz Ferreira de Almeida','37BFdA','BeatrizFerreiradeAlmeida@gmail.com','7','DEQ');
INSERT INTO DOCENTE VALUES('38','Beatriz Maia da Silva Cruz','38BMdSC','BeatrizMaiadaSilvaCruz@gmail.com','4','DEGI');
INSERT INTO DOCENTE VALUES('39','Beneeta Mendez','39BM','BeneetaMendez@gmail.com','5','DEMec');
INSERT INTO DOCENTE VALUES('40','Bernardo Dinis Guimarães Pinto','40BDGP','BernardoDinisGuimarãesPinto@gmail.com','3','DEF');
INSERT INTO DOCENTE VALUES('41','Bruno Miguel de Siuéia Duvane','41BMdSD','BrunoMigueldeSiuéiaDuvane@gmail.com','3','DEGI');
INSERT INTO DOCENTE VALUES('42','Bruno Miguel Lopes da Rocha Fernandes','42BMLdRF','BrunoMiguelLopesdaRochaFernandes@gmail.com','7','DEC');
INSERT INTO DOCENTE VALUES('43','Bruno Pinto da Silva Drumond','43BPdSD','BrunoPintodaSilvaDrumond@gmail.com','9','DEGI');
INSERT INTO DOCENTE VALUES('44','Bruno Rafael Oliveira Machado','44BROM','BrunoRafaelOliveiraMachado@gmail.com','4','DEMec');
INSERT INTO DOCENTE VALUES('45','Camila Santos Silva','45CSS','CamilaSantosSilva@gmail.com','1','DEC');
INSERT INTO DOCENTE VALUES('46','Carlos Daniel Lopes Rebelo','46CDLR','CarlosDanielLopesRebelo@gmail.com','4','DEGI');
INSERT INTO DOCENTE VALUES('47','Carlos Manuel da Silva Costa','47CMdSC','CarlosManueldaSilvaCosta@gmail.com','3','DEC');
INSERT INTO DOCENTE VALUES('48','Carolina Cunha Senra Bogas Gonçalves','48CCSBG','CarolinaCunhaSenraBogasGonçalves@gmail.com','6','DEI');
INSERT INTO DOCENTE VALUES('49','Carolina Teixeira Lopes Couto Viana','49CTLCV','CarolinaTeixeiraLopesCoutoViana@gmail.com','1','DEEC');
INSERT INTO DOCENTE VALUES('50','Catarina Isabel Moreira Canelas','50CIMC','CatarinaIsabelMoreiraCanelas@gmail.com','3','DEM');
INSERT INTO DOCENTE VALUES('51','Clarisse Maria Teixeira de Carvalho','51CMTdC','ClarisseMariaTeixeiradeCarvalho@gmail.com','5','DEMec');
INSERT INTO DOCENTE VALUES('52','Cristiano Filipe Moreira Rocha','52CFMR','CristianoFilipeMoreiraRocha@gmail.com','1','DEM');
INSERT INTO DOCENTE VALUES('53','Daniel António Mendes Novais','53DAMN','DanielAntónioMendesNovais@gmail.com','8','DEMec');
INSERT INTO DOCENTE VALUES('54','Daniel Cabral Bernardo','54DCB','DanielCabralBernardo@gmail.com','6','DEQ');
INSERT INTO DOCENTE VALUES('55','Daniel Dória Pinto','55DDP','DanielDóriaPinto@gmail.com','10','DEI');
INSERT INTO DOCENTE VALUES('56','Daniel dos Santos Ferreira','56DdSF','DanieldosSantosFerreira@gmail.com','10','DEMM');
INSERT INTO DOCENTE VALUES('57','Daniel Filipe Calado de Simas Belém','57DFCdSB','DanielFilipeCaladodeSimasBelém@gmail.com','5','DEM');
INSERT INTO DOCENTE VALUES('58','Daniel José de Aguiar Gago','58DJdAG','DanielJosédeAguiarGago@gmail.com','9','DEF');
INSERT INTO DOCENTE VALUES('59','Daniel Moreira Carneiro','59DMC','DanielMoreiraCarneiro@gmail.com','10','DEEC');
INSERT INTO DOCENTE VALUES('60','Dany Ferreira','60DF','DanyFerreira@gmail.com','1','DEGI');
INSERT INTO DOCENTE VALUES('61','Daunísia Augusto Jon','61DAJ','DaunísiaAugustoJon@gmail.com','6','DEC');
INSERT INTO DOCENTE VALUES('62','David Amorim Cordeiro','62DAC','DavidAmorimCordeiro@gmail.com','5','DEMM');
INSERT INTO DOCENTE VALUES('63','David da Costa Santos','63DdCS','DaviddaCostaSantos@gmail.com','7','DEGI');
INSERT INTO DOCENTE VALUES('64','David José Soares Castro','64DJSC','DavidJoséSoaresCastro@gmail.com','7','DEQ');
INSERT INTO DOCENTE VALUES('65','David Oliveira Espinha Marques','65DOEM','DavidOliveiraEspinhaMarques@gmail.com','4','DEC');
INSERT INTO DOCENTE VALUES('66','Diana Sofia Sampaio Martins','66DSSM','DianaSofiaSampaioMartins@gmail.com','8','DEQ');
INSERT INTO DOCENTE VALUES('67','Diogo Alexandre da Silva Santos','67DAdSS','DiogoAlexandredaSilvaSantos@gmail.com','8','DEMec');
INSERT INTO DOCENTE VALUES('68','Diogo Alexandre Oliveira da Silva','68DAOdS','DiogoAlexandreOliveiradaSilva@gmail.com','2','DEQ');
INSERT INTO DOCENTE VALUES('69','Diogo Alexandre Soares Martins','69DASM','DiogoAlexandreSoaresMartins@gmail.com','9','DEQ');
INSERT INTO DOCENTE VALUES('70','Diogo Carvalho Pintado','70DCP','DiogoCarvalhoPintado@gmail.com','8','DEMM');
INSERT INTO DOCENTE VALUES('71','Diogo Coutinho da Silva','71DCdS','DiogoCoutinhodaSilva@gmail.com','2','DEI');
INSERT INTO DOCENTE VALUES('72','Diogo Filipe Couto Monteiro','72DFCM','DiogoFilipeCoutoMonteiro@gmail.com','1','DEI');
INSERT INTO DOCENTE VALUES('73','Diogo Filipe Pereira Santos','73DFPS','DiogoFilipePereiraSantos@gmail.com','4','DEC');
INSERT INTO DOCENTE VALUES('74','Diogo Lima da Silva Costa','74DLdSC','DiogoLimadaSilvaCosta@gmail.com','6','DEGI');
INSERT INTO DOCENTE VALUES('75','Diogo Miranda de Figueiredo Sarmento','75DMdFS','DiogoMirandadeFigueiredoSarmento@gmail.com','4','DEM');
INSERT INTO DOCENTE VALUES('76','Diogo Rafael Cardoso Moreira','76DRCM','DiogoRafaelCardosoMoreira@gmail.com','1','DEEC');
INSERT INTO DOCENTE VALUES('77','Diogo Silveira Viana','77DSV','DiogoSilveiraViana@gmail.com','8','DEM');
INSERT INTO DOCENTE VALUES('78','Diogo Tomás Valente Fernandes','78DTVF','DiogoTomásValenteFernandes@gmail.com','8','DEEC');
INSERT INTO DOCENTE VALUES('79','Domingos Manuel Ordenâ Neto','79DMON','DomingosManuelOrdenâNeto@gmail.com','7','DEM');
INSERT INTO DOCENTE VALUES('80','Duarte Francisco Sousa Gonçalves','80DFSG','DuarteFranciscoSousaGonçalves@gmail.com','6','DEEC');
INSERT INTO DOCENTE VALUES('81','Eduardo Afonso Soares Ferreira Machado','81EASFM','EduardoAfonsoSoaresFerreiraMachado@gmail.com','4','DEF');
INSERT INTO DOCENTE VALUES('82','Eduardo Bessa e Silva de Araújo Barbosa','82EBeSdAB','EduardoBessaeSilvadeAraújoBarbosa@gmail.com','1','DEQ');
INSERT INTO DOCENTE VALUES('83','Eduardo José Neto Oliveira','83EJNO','EduardoJoséNetoOliveira@gmail.com','7','DEC');
INSERT INTO DOCENTE VALUES('84','Eduardo Luís Fernandes Roçadas','84ELFR','EduardoLuísFernandesRoçadas@gmail.com','3','DEF');
INSERT INTO DOCENTE VALUES('85','Eduardo Machado Teixeira de Sousa','85EMTdS','EduardoMachadoTeixeiradeSousa@gmail.com','7','DEI');
INSERT INTO DOCENTE VALUES('86','Eduardo Martins Oliveira','86EMO','EduardoMartinsOliveira@gmail.com','8','DEI');
INSERT INTO DOCENTE VALUES('87','Eduardo Renato Fernandes Barbosa','87ERFB','EduardoRenatoFernandesBarbosa@gmail.com','7','DEI');
INSERT INTO DOCENTE VALUES('88','Eriton Laury Felisberto Naife','88ELFN','EritonLauryFelisbertoNaife@gmail.com','2','DEQ');
INSERT INTO DOCENTE VALUES('89','Felipe Jacob de Jesus Ferreira','89FJdJF','FelipeJacobdeJesusFerreira@gmail.com','9','DEC');
INSERT INTO DOCENTE VALUES('90','Félix Marcial Alves Martins','90FMAM','FélixMarcialAlvesMartins@gmail.com','4','DEMec');
INSERT INTO DOCENTE VALUES('91','Fernando da Silva Pereira Borges Afonso','91FdSPBA','FernandodaSilvaPereiraBorgesAfonso@gmail.com','2','DEGI');
INSERT INTO DOCENTE VALUES('92','Fernando Manuel de Melo Oliveira','92FMdMO','FernandoManueldeMeloOliveira@gmail.com','1','DEI');
INSERT INTO DOCENTE VALUES('93','Fernando Miguel Santos Borges de Barros','93FMSBdB','FernandoMiguelSantosBorgesdeBarros@gmail.com','9','DEQ');
INSERT INTO DOCENTE VALUES('94','Filipa Daniela Gonçalves Sousa','94FDGS','FilipaDanielaGonçalvesSousa@gmail.com','4','DEEC');
INSERT INTO DOCENTE VALUES('95','Filipe Pereira de Castro Ferreira','95FPdCF','FilipePereiradeCastroFerreira@gmail.com','8','DEF');
INSERT INTO DOCENTE VALUES('96','Filipe Rafael Baião da Silva','96FRBdS','FilipeRafaelBaiãodaSilva@gmail.com','9','DEEC');
INSERT INTO DOCENTE VALUES('97','Francisco Dias Pires Ferreira de Sousa','97FDPFdS','FranciscoDiasPiresFerreiradeSousa@gmail.com','2','DEMM');
INSERT INTO DOCENTE VALUES('98','Francisco Fernandes Augusto','98FFA','FranciscoFernandesAugusto@gmail.com','6','DEMec');
INSERT INTO DOCENTE VALUES('99','Francisco Gonçalves de Sousa','99FGdS','FranciscoGonçalvesdeSousa@gmail.com','3','DEGI');
INSERT INTO DOCENTE VALUES('100','Francisco Lopes Mendonça','100FLM','FranciscoLopesMendonça@gmail.com','1','DEF');
INSERT INTO DOCENTE VALUES('101','Francisco Miguel Alcobia Maia Prada','101FMAMP','FranciscoMiguelAlcobiaMaiaPrada@gmail.com','2','DEGI');
INSERT INTO DOCENTE VALUES('102','Francisco Miguel Correia Mariano Pinheiro Cardoso','102FMCMPC','FranciscoMiguelCorreiaMarianoPinheiroCardoso@gmail.com','10','DEMec');
INSERT INTO DOCENTE VALUES('103','Francisco Pinto Tristão da Cunha Bettencourt','103FPTdCB','FranciscoPintoTristãodaCunhaBettencourt@gmail.com','4','DEC');
INSERT INTO DOCENTE VALUES('104','Francisco Pires da Ana','104FPdA','FranciscoPiresdaAna@gmail.com','4','DEGI');
INSERT INTO DOCENTE VALUES('105','Francisco Silva Cunha Campos','105FSCC','FranciscoSilvaCunhaCampos@gmail.com','7','DEM');
INSERT INTO DOCENTE VALUES('106','Francisco Tomás Marques Lopes','106FTML','FranciscoTomásMarquesLopes@gmail.com','3','DEMec');
INSERT INTO DOCENTE VALUES('107','Gabriel Amorim Carvalho','107GAC','GabrielAmorimCarvalho@gmail.com','3','DEMM');
INSERT INTO DOCENTE VALUES('108','Gabriel Anibal dos Santos Sousa','108GAdSS','GabrielAnibaldosSantosSousa@gmail.com','7','DEQ');
INSERT INTO DOCENTE VALUES('109','Gabriel Filipe Gonçalves Campos Ferreira','109GFGCF','GabrielFilipeGonçalvesCamposFerreira@gmail.com','2','DEQ');
INSERT INTO DOCENTE VALUES('110','Gabriela Dias Salazar Neto Silva','110GDSNS','GabrielaDiasSalazarNetoSilva@gmail.com','1','DEQ');
INSERT INTO DOCENTE VALUES('111','Gaspar Manuel Ferrás Faria','111GMFF','GasparManuelFerrásFaria@gmail.com','8','DEC');
INSERT INTO DOCENTE VALUES('112','Gil Cabral da Mota','112GCdM','GilCabraldaMota@gmail.com','8','DEQ');
INSERT INTO DOCENTE VALUES('113','Gonçalo Bessa Costa','113GBC','GonçaloBessaCosta@gmail.com','3','DEQ');
INSERT INTO DOCENTE VALUES('114','Gonçalo Coelho Morais','114GCM','GonçaloCoelhoMorais@gmail.com','1','DEQ');
INSERT INTO DOCENTE VALUES('115','Gonçalo de Abreu Matias','115GdAM','GonçalodeAbreuMatias@gmail.com','10','DEQ');
INSERT INTO DOCENTE VALUES('116','Gonçalo de Castilho Serra Alves Martins ','116GdCSAM','GonçalodeCastilhoSerraAlvesMartins@gmail.com','3','DEQ');
INSERT INTO DOCENTE VALUES('117','Gonçalo Furtado Estrela Ferreira Pinto','117GFEFP','GonçaloFurtadoEstrelaFerreiraPinto@gmail.com','5','DEQ');
INSERT INTO DOCENTE VALUES('118','Gonçalo Gonçalves Miranda','118GGM','GonçaloGonçalvesMiranda@gmail.com','5','DEQ');
INSERT INTO DOCENTE VALUES('119','Gonçalo Guimarães Gonçalves de Morais Figueira','119GGGdMF','GonçaloGuimarãesGonçalvesdeMoraisFigueira@gmail.com','6','DEMec');
INSERT INTO DOCENTE VALUES('120','Gonçalo Lísias Possacos dos Santos','120GLPdS','GonçaloLísiasPossacosdosSantos@gmail.com','6','DEQ');
INSERT INTO DOCENTE VALUES('121','Gonçalo Pedro Nadais de Pinho','121GPNdP','GonçaloPedroNadaisdePinho@gmail.com','3','DEQ');
INSERT INTO DOCENTE VALUES('122','Gonçalo Rodrigues Matos','122GRM','GonçaloRodriguesMatos@gmail.com','5','DEM');


INSERT INTO UC VALUES('M.EEC01','Projeto de Software', '4.5', 'Desenvolvimento de apps de Software', '9557','49');
INSERT INTO UC VALUES('M.EEC02','Comunicações Industriais', '6', 'Tecnologias de redes industriais: redes de campo', '9557','59');
INSERT INTO UC VALUES('M.EEC03','Sistemas de Controlo', '6', 'Análise e Projecto de Sistemas Dinâmicos de Controlo Lineares em Tempo Discreto', '9557','49');
INSERT INTO UC VALUES('L.EEC01','Análise Matemática 1', '8', 'Integrais', '9546','80');
INSERT INTO UC VALUES('M.EIC01','Aprendizagem Computacional','6','Aprendizagem Computacional','9560','110');
INSERT INTO UC VALUES('L.EIC013','FisicaII','4.5','Eletromagnetismo','9549','3');
INSERT INTO UC VALUES('L.EIC010','Teoria da Computação','6','Teoria dos Autómatos','9549','15');
INSERT INTO UC VALUES('L.EIC006','Arquitetura de Computadores','6','Evolução sucinta dos computadores','9549','1');
INSERT INTO UC VALUES('L.EIC012','Bases de Dados','6','Bases de Dados','9549','93');
INSERT INTO UC VALUES('L.EIC008','FisicaI','7','Mecânica','9549','81');
INSERT INTO UC VALUES('L.EIC014','Laboratório de Desenho e Teste de Software','5','Programaçao em Java','9549','110');
INSERT INTO UC VALUES('L.EIC009','Programação','6','Programaçao em c++','9549','68');
INSERT INTO UC VALUES('L.EIC016','Desenho de algoritmos','1.5','Conceção de algoritmos','9549','55');
INSERT INTO UC VALUES('L.EIC017','Engenharia de software','6','Engenharia de Software','9549','44');
INSERT INTO UC VALUES('L.EIC018','Laboratorio de Computadores','6','Programaçao em linguagem C','9549','22');
INSERT INTO UC VALUES('L.EIC019','Linguagens e Tecnologias Web','1.5','HTML 5 ,CSS 3 e alinguagem PHP','9549','0');



INSERT INTO ALUNOUC VALUES('202001000','L.EIC013');
INSERT INTO ALUNOUC VALUES('202001000','L.EIC010');
INSERT INTO ALUNOUC VALUES('202001000','L.EIC006');
INSERT INTO ALUNOUC VALUES('202001000','L.EIC012');
INSERT INTO ALUNOUC VALUES('202001000','L.EIC008');
INSERT INTO ALUNOUC VALUES('202001000','L.EIC014');
INSERT INTO ALUNOUC VALUES('202001000','L.EIC009');
INSERT INTO ALUNOUC VALUES('202001000','L.EIC016');
INSERT INTO ALUNOUC VALUES('202001000','L.EIC017');
INSERT INTO ALUNOUC VALUES('202001000','L.EIC018');
INSERT INTO ALUNOUC VALUES('202001000','L.EIC019');
INSERT INTO ALUNOUC VALUES('202001001','L.EIC013');
INSERT INTO ALUNOUC VALUES('202001001','L.EIC010');
INSERT INTO ALUNOUC VALUES('202001001','L.EIC006');
INSERT INTO ALUNOUC VALUES('202001001','L.EIC012');
INSERT INTO ALUNOUC VALUES('202001001','L.EIC008');
INSERT INTO ALUNOUC VALUES('202001001','L.EIC014');
INSERT INTO ALUNOUC VALUES('202001001','L.EIC009');
INSERT INTO ALUNOUC VALUES('202001001','L.EIC016');
INSERT INTO ALUNOUC VALUES('202001001','L.EIC017');
INSERT INTO ALUNOUC VALUES('202001001','L.EIC018');
INSERT INTO ALUNOUC VALUES('202001001','L.EIC019');
INSERT INTO ALUNOUC VALUES('202001002','L.EIC013');
INSERT INTO ALUNOUC VALUES('202001002','L.EIC010');
INSERT INTO ALUNOUC VALUES('202001002','L.EIC006');
INSERT INTO ALUNOUC VALUES('202001002','L.EIC012');
INSERT INTO ALUNOUC VALUES('202001002','L.EIC008');
INSERT INTO ALUNOUC VALUES('202001002','L.EIC014');
INSERT INTO ALUNOUC VALUES('202001002','L.EIC009');
INSERT INTO ALUNOUC VALUES('202001002','L.EIC016');
INSERT INTO ALUNOUC VALUES('202001002','L.EIC017');
INSERT INTO ALUNOUC VALUES('202001002','L.EIC018');
INSERT INTO ALUNOUC VALUES('202001002','L.EIC019');
INSERT INTO ALUNOUC VALUES('202001003','L.EIC013');
INSERT INTO ALUNOUC VALUES('202001003','L.EIC010');
INSERT INTO ALUNOUC VALUES('202001003','L.EIC006');
INSERT INTO ALUNOUC VALUES('202001003','L.EIC012');
INSERT INTO ALUNOUC VALUES('202001003','L.EIC008');
INSERT INTO ALUNOUC VALUES('202001003','L.EIC014');
INSERT INTO ALUNOUC VALUES('202001003','L.EIC009');
INSERT INTO ALUNOUC VALUES('202001003','L.EIC016');
INSERT INTO ALUNOUC VALUES('202001003','L.EIC017');
INSERT INTO ALUNOUC VALUES('202001003','L.EIC018');
INSERT INTO ALUNOUC VALUES('202001003','L.EIC019');
INSERT INTO ALUNOUC VALUES('202001004','L.EIC013');
INSERT INTO ALUNOUC VALUES('202001004','L.EIC010');
INSERT INTO ALUNOUC VALUES('202001004','L.EIC006');
INSERT INTO ALUNOUC VALUES('202001004','L.EIC012');
INSERT INTO ALUNOUC VALUES('202001004','L.EIC008');
INSERT INTO ALUNOUC VALUES('202001004','L.EIC014');
INSERT INTO ALUNOUC VALUES('202001004','L.EIC009');
INSERT INTO ALUNOUC VALUES('202001004','L.EIC016');
INSERT INTO ALUNOUC VALUES('202001004','L.EIC017');
INSERT INTO ALUNOUC VALUES('202001004','L.EIC018');
INSERT INTO ALUNOUC VALUES('202001004','L.EIC019');
INSERT INTO ALUNOUC VALUES('202001005','L.EIC013');
INSERT INTO ALUNOUC VALUES('202001005','L.EIC010');
INSERT INTO ALUNOUC VALUES('202001005','L.EIC006');
INSERT INTO ALUNOUC VALUES('202001005','L.EIC012');
INSERT INTO ALUNOUC VALUES('202001005','L.EIC008');
INSERT INTO ALUNOUC VALUES('202001005','L.EIC014');
INSERT INTO ALUNOUC VALUES('202001005','L.EIC009');
INSERT INTO ALUNOUC VALUES('202001005','L.EIC016');
INSERT INTO ALUNOUC VALUES('202001005','L.EIC017');
INSERT INTO ALUNOUC VALUES('202001005','L.EIC018');
INSERT INTO ALUNOUC VALUES('202001005','L.EIC019');
INSERT INTO ALUNOUC VALUES('202001006','L.EIC013');
INSERT INTO ALUNOUC VALUES('202001006','L.EIC010');
INSERT INTO ALUNOUC VALUES('202001006','L.EIC006');
INSERT INTO ALUNOUC VALUES('202001006','L.EIC012');
INSERT INTO ALUNOUC VALUES('202001006','L.EIC008');
INSERT INTO ALUNOUC VALUES('202001006','L.EIC014');
INSERT INTO ALUNOUC VALUES('202001006','L.EIC009');
INSERT INTO ALUNOUC VALUES('202001006','L.EIC016');
INSERT INTO ALUNOUC VALUES('202001006','L.EIC017');
INSERT INTO ALUNOUC VALUES('202001006','L.EIC018');
INSERT INTO ALUNOUC VALUES('202001006','L.EIC019');
INSERT INTO ALUNOUC VALUES('202001007','L.EIC013');
INSERT INTO ALUNOUC VALUES('202001007','L.EIC010');
INSERT INTO ALUNOUC VALUES('202001007','L.EIC006');
INSERT INTO ALUNOUC VALUES('202001007','L.EIC012');
INSERT INTO ALUNOUC VALUES('202001007','L.EIC008');
INSERT INTO ALUNOUC VALUES('202001007','L.EIC014');
INSERT INTO ALUNOUC VALUES('202001007','L.EIC009');
INSERT INTO ALUNOUC VALUES('202001007','L.EIC016');
INSERT INTO ALUNOUC VALUES('202001007','L.EIC017');
INSERT INTO ALUNOUC VALUES('202001007','L.EIC018');
INSERT INTO ALUNOUC VALUES('202001007','L.EIC019');
INSERT INTO ALUNOUC VALUES('202001008','L.EIC013');
INSERT INTO ALUNOUC VALUES('202001008','L.EIC010');
INSERT INTO ALUNOUC VALUES('202001008','L.EIC006');
INSERT INTO ALUNOUC VALUES('202001008','L.EIC012');
INSERT INTO ALUNOUC VALUES('202001008','L.EIC008');
INSERT INTO ALUNOUC VALUES('202001008','L.EIC014');
INSERT INTO ALUNOUC VALUES('202001008','L.EIC009');
INSERT INTO ALUNOUC VALUES('202001008','L.EIC016');
INSERT INTO ALUNOUC VALUES('202001008','L.EIC017');
INSERT INTO ALUNOUC VALUES('202001008','L.EIC018');
INSERT INTO ALUNOUC VALUES('202001008','L.EIC019');
INSERT INTO ALUNOUC VALUES('202001009','L.EIC013');
INSERT INTO ALUNOUC VALUES('202001009','L.EIC010');
INSERT INTO ALUNOUC VALUES('202001009','L.EIC006');
INSERT INTO ALUNOUC VALUES('202001009','L.EIC012');
INSERT INTO ALUNOUC VALUES('202001009','L.EIC008');
INSERT INTO ALUNOUC VALUES('202001009','L.EIC014');
INSERT INTO ALUNOUC VALUES('202001009','L.EIC009');
INSERT INTO ALUNOUC VALUES('202001009','L.EIC016');
INSERT INTO ALUNOUC VALUES('202001009','L.EIC017');
INSERT INTO ALUNOUC VALUES('202001009','L.EIC018');
INSERT INTO ALUNOUC VALUES('202001009','L.EIC019');
INSERT INTO ALUNOUC VALUES('202001010','L.EIC013');
INSERT INTO ALUNOUC VALUES('202001010','L.EIC010');
INSERT INTO ALUNOUC VALUES('202001010','L.EIC006');
INSERT INTO ALUNOUC VALUES('202001010','L.EIC012');
INSERT INTO ALUNOUC VALUES('202001010','L.EIC008');
INSERT INTO ALUNOUC VALUES('202001010','L.EIC014');
INSERT INTO ALUNOUC VALUES('202001010','L.EIC009');
INSERT INTO ALUNOUC VALUES('202001010','L.EIC016');
INSERT INTO ALUNOUC VALUES('202001010','L.EIC017');
INSERT INTO ALUNOUC VALUES('202001010','L.EIC018');
INSERT INTO ALUNOUC VALUES('202001010','L.EIC019');
INSERT INTO ALUNOUC VALUES('202001011','L.EIC013');
INSERT INTO ALUNOUC VALUES('202001011','L.EIC010');
INSERT INTO ALUNOUC VALUES('202001011','L.EIC006');
INSERT INTO ALUNOUC VALUES('202001011','L.EIC012');
INSERT INTO ALUNOUC VALUES('202001011','L.EIC008');
INSERT INTO ALUNOUC VALUES('202001011','L.EIC014');
INSERT INTO ALUNOUC VALUES('202001011','L.EIC009');
INSERT INTO ALUNOUC VALUES('202001011','L.EIC016');
INSERT INTO ALUNOUC VALUES('202001011','L.EIC017');
INSERT INTO ALUNOUC VALUES('202001011','L.EIC018');
INSERT INTO ALUNOUC VALUES('202001011','L.EIC019');
INSERT INTO ALUNOUC VALUES('202001012','L.EIC013');
INSERT INTO ALUNOUC VALUES('202001012','L.EIC010');
INSERT INTO ALUNOUC VALUES('202001012','L.EIC006');
INSERT INTO ALUNOUC VALUES('202001012','L.EIC012');
INSERT INTO ALUNOUC VALUES('202001012','L.EIC008');
INSERT INTO ALUNOUC VALUES('202001012','L.EIC014');
INSERT INTO ALUNOUC VALUES('202001012','L.EIC009');
INSERT INTO ALUNOUC VALUES('202001012','L.EIC016');
INSERT INTO ALUNOUC VALUES('202001012','L.EIC017');
INSERT INTO ALUNOUC VALUES('202001012','L.EIC018');
INSERT INTO ALUNOUC VALUES('202001012','L.EIC019');
INSERT INTO ALUNOUC VALUES('202001013','L.EIC013');
INSERT INTO ALUNOUC VALUES('202001013','L.EIC010');
INSERT INTO ALUNOUC VALUES('202001013','L.EIC006');
INSERT INTO ALUNOUC VALUES('202001013','L.EIC012');
INSERT INTO ALUNOUC VALUES('202001013','L.EIC008');
INSERT INTO ALUNOUC VALUES('202001013','L.EIC014');
INSERT INTO ALUNOUC VALUES('202001013','L.EIC009');
INSERT INTO ALUNOUC VALUES('202001013','L.EIC016');
INSERT INTO ALUNOUC VALUES('202001013','L.EIC017');
INSERT INTO ALUNOUC VALUES('202001013','L.EIC018');
INSERT INTO ALUNOUC VALUES('202001013','L.EIC019');
INSERT INTO ALUNOUC VALUES('202001014','L.EIC013');
INSERT INTO ALUNOUC VALUES('202001014','L.EIC010');
INSERT INTO ALUNOUC VALUES('202001014','L.EIC006');
INSERT INTO ALUNOUC VALUES('202001014','L.EIC012');
INSERT INTO ALUNOUC VALUES('202001014','L.EIC008');
INSERT INTO ALUNOUC VALUES('202001014','L.EIC014');
INSERT INTO ALUNOUC VALUES('202001014','L.EIC009');
INSERT INTO ALUNOUC VALUES('202001014','L.EIC016');
INSERT INTO ALUNOUC VALUES('202001014','L.EIC017');
INSERT INTO ALUNOUC VALUES('202001014','L.EIC018');
INSERT INTO ALUNOUC VALUES('202001014','L.EIC019');
INSERT INTO ALUNOUC VALUES('202001015','L.EIC013');
INSERT INTO ALUNOUC VALUES('202001015','L.EIC010');
INSERT INTO ALUNOUC VALUES('202001015','L.EIC006');
INSERT INTO ALUNOUC VALUES('202001015','L.EIC012');
INSERT INTO ALUNOUC VALUES('202001015','L.EIC008');
INSERT INTO ALUNOUC VALUES('202001015','L.EIC014');
INSERT INTO ALUNOUC VALUES('202001015','L.EIC009');
INSERT INTO ALUNOUC VALUES('202001015','L.EIC016');
INSERT INTO ALUNOUC VALUES('202001015','L.EIC017');
INSERT INTO ALUNOUC VALUES('202001015','L.EIC018');
INSERT INTO ALUNOUC VALUES('202001015','L.EIC019');
INSERT INTO ALUNOUC VALUES('202001016','L.EIC013');
INSERT INTO ALUNOUC VALUES('202001016','L.EIC010');
INSERT INTO ALUNOUC VALUES('202001016','L.EIC006');
INSERT INTO ALUNOUC VALUES('202001016','L.EIC012');
INSERT INTO ALUNOUC VALUES('202001016','L.EIC008');
INSERT INTO ALUNOUC VALUES('202001016','L.EIC014');
INSERT INTO ALUNOUC VALUES('202001016','L.EIC009');
INSERT INTO ALUNOUC VALUES('202001016','L.EIC016');
INSERT INTO ALUNOUC VALUES('202001016','L.EIC017');
INSERT INTO ALUNOUC VALUES('202001016','L.EIC018');
INSERT INTO ALUNOUC VALUES('202001016','L.EIC019');
INSERT INTO ALUNOUC VALUES('202001017','L.EIC013');
INSERT INTO ALUNOUC VALUES('202001017','L.EIC010');
INSERT INTO ALUNOUC VALUES('202001017','L.EIC006');
INSERT INTO ALUNOUC VALUES('202001017','L.EIC012');
INSERT INTO ALUNOUC VALUES('202001017','L.EIC008');
INSERT INTO ALUNOUC VALUES('202001017','L.EIC014');
INSERT INTO ALUNOUC VALUES('202001017','L.EIC009');
INSERT INTO ALUNOUC VALUES('202001017','L.EIC016');
INSERT INTO ALUNOUC VALUES('202001017','L.EIC017');
INSERT INTO ALUNOUC VALUES('202001017','L.EIC018');
INSERT INTO ALUNOUC VALUES('202001017','L.EIC019');
INSERT INTO ALUNOUC VALUES('202001018','L.EIC013');
INSERT INTO ALUNOUC VALUES('202001018','L.EIC010');
INSERT INTO ALUNOUC VALUES('202001018','L.EIC006');
INSERT INTO ALUNOUC VALUES('202001018','L.EIC012');
INSERT INTO ALUNOUC VALUES('202001018','L.EIC008');
INSERT INTO ALUNOUC VALUES('202001018','L.EIC014');
INSERT INTO ALUNOUC VALUES('202001018','L.EIC009');
INSERT INTO ALUNOUC VALUES('202001018','L.EIC016');
INSERT INTO ALUNOUC VALUES('202001018','L.EIC017');
INSERT INTO ALUNOUC VALUES('202001018','L.EIC018');
INSERT INTO ALUNOUC VALUES('202001018','L.EIC019');
INSERT INTO ALUNOUC VALUES('202001019','L.EIC013');
INSERT INTO ALUNOUC VALUES('202001019','L.EIC010');
INSERT INTO ALUNOUC VALUES('202001019','L.EIC006');
INSERT INTO ALUNOUC VALUES('202001019','L.EIC012');
INSERT INTO ALUNOUC VALUES('202001019','L.EIC008');
INSERT INTO ALUNOUC VALUES('202001019','L.EIC014');
INSERT INTO ALUNOUC VALUES('202001019','L.EIC009');
INSERT INTO ALUNOUC VALUES('202001019','L.EIC016');
INSERT INTO ALUNOUC VALUES('202001019','L.EIC017');
INSERT INTO ALUNOUC VALUES('202001019','L.EIC018');
INSERT INTO ALUNOUC VALUES('202001019','L.EIC019');
INSERT INTO ALUNOUC VALUES('202001020','L.EIC013');
INSERT INTO ALUNOUC VALUES('202001020','L.EIC010');
INSERT INTO ALUNOUC VALUES('202001020','L.EIC006');
INSERT INTO ALUNOUC VALUES('202001020','L.EIC012');
INSERT INTO ALUNOUC VALUES('202001020','L.EIC008');
INSERT INTO ALUNOUC VALUES('202001020','L.EIC014');
INSERT INTO ALUNOUC VALUES('202001020','L.EIC009');
INSERT INTO ALUNOUC VALUES('202001020','L.EIC016');
INSERT INTO ALUNOUC VALUES('202001020','L.EIC017');
INSERT INTO ALUNOUC VALUES('202001020','L.EIC018');
INSERT INTO ALUNOUC VALUES('202001020','L.EIC019');
INSERT INTO ALUNOUC VALUES('202001021','L.EIC013');
INSERT INTO ALUNOUC VALUES('202001021','L.EIC010');
INSERT INTO ALUNOUC VALUES('202001021','L.EIC006');
INSERT INTO ALUNOUC VALUES('202001021','L.EIC012');
INSERT INTO ALUNOUC VALUES('202001021','L.EIC008');
INSERT INTO ALUNOUC VALUES('202001021','L.EIC014');
INSERT INTO ALUNOUC VALUES('202001021','L.EIC009');
INSERT INTO ALUNOUC VALUES('202001021','L.EIC016');
INSERT INTO ALUNOUC VALUES('202001021','L.EIC017');
INSERT INTO ALUNOUC VALUES('202001021','L.EIC018');
INSERT INTO ALUNOUC VALUES('202001021','L.EIC019');
INSERT INTO ALUNOUC VALUES('202001022','L.EIC013');
INSERT INTO ALUNOUC VALUES('202001022','L.EIC010');
INSERT INTO ALUNOUC VALUES('202001022','L.EIC006');
INSERT INTO ALUNOUC VALUES('202001022','L.EIC012');
INSERT INTO ALUNOUC VALUES('202001022','L.EIC008');
INSERT INTO ALUNOUC VALUES('202001022','L.EIC014');
INSERT INTO ALUNOUC VALUES('202001022','L.EIC009');
INSERT INTO ALUNOUC VALUES('202001022','L.EIC016');
INSERT INTO ALUNOUC VALUES('202001022','L.EIC017');
INSERT INTO ALUNOUC VALUES('202001022','L.EIC018');
INSERT INTO ALUNOUC VALUES('202001022','L.EIC019');
INSERT INTO ALUNOUC VALUES('202001023','L.EIC013');
INSERT INTO ALUNOUC VALUES('202001023','L.EIC010');
INSERT INTO ALUNOUC VALUES('202001023','L.EIC006');
INSERT INTO ALUNOUC VALUES('202001023','L.EIC012');
INSERT INTO ALUNOUC VALUES('202001023','L.EIC008');
INSERT INTO ALUNOUC VALUES('202001023','L.EIC014');
INSERT INTO ALUNOUC VALUES('202001023','L.EIC009');
INSERT INTO ALUNOUC VALUES('202001023','L.EIC016');
INSERT INTO ALUNOUC VALUES('202001023','L.EIC017');
INSERT INTO ALUNOUC VALUES('202001023','L.EIC018');
INSERT INTO ALUNOUC VALUES('202001023','L.EIC019');
INSERT INTO ALUNOUC VALUES('202001024','L.EIC013');
INSERT INTO ALUNOUC VALUES('202001024','L.EIC010');
INSERT INTO ALUNOUC VALUES('202001024','L.EIC006');
INSERT INTO ALUNOUC VALUES('202001024','L.EIC012');
INSERT INTO ALUNOUC VALUES('202001024','L.EIC008');
INSERT INTO ALUNOUC VALUES('202001024','L.EIC014');
INSERT INTO ALUNOUC VALUES('202001024','L.EIC009');
INSERT INTO ALUNOUC VALUES('202001024','L.EIC016');
INSERT INTO ALUNOUC VALUES('202001024','L.EIC017');
INSERT INTO ALUNOUC VALUES('202001024','L.EIC018');
INSERT INTO ALUNOUC VALUES('202001024','L.EIC019');
INSERT INTO ALUNOUC VALUES('202001025','L.EIC013');
INSERT INTO ALUNOUC VALUES('202001025','L.EIC010');
INSERT INTO ALUNOUC VALUES('202001025','L.EIC006');
INSERT INTO ALUNOUC VALUES('202001025','L.EIC012');
INSERT INTO ALUNOUC VALUES('202001025','L.EIC008');
INSERT INTO ALUNOUC VALUES('202001025','L.EIC014');
INSERT INTO ALUNOUC VALUES('202001025','L.EIC009');
INSERT INTO ALUNOUC VALUES('202001025','L.EIC016');
INSERT INTO ALUNOUC VALUES('202001025','L.EIC017');
INSERT INTO ALUNOUC VALUES('202001025','L.EIC018');
INSERT INTO ALUNOUC VALUES('202001025','L.EIC019');
INSERT INTO ALUNOUC VALUES('202001026','L.EIC013');
INSERT INTO ALUNOUC VALUES('202001026','L.EIC010');
INSERT INTO ALUNOUC VALUES('202001026','L.EIC006');
INSERT INTO ALUNOUC VALUES('202001026','L.EIC012');
INSERT INTO ALUNOUC VALUES('202001026','L.EIC008');
INSERT INTO ALUNOUC VALUES('202001026','L.EIC014');
INSERT INTO ALUNOUC VALUES('202001026','L.EIC009');
INSERT INTO ALUNOUC VALUES('202001026','L.EIC016');
INSERT INTO ALUNOUC VALUES('202001026','L.EIC017');
INSERT INTO ALUNOUC VALUES('202001026','L.EIC018');
INSERT INTO ALUNOUC VALUES('202001026','L.EIC019');
INSERT INTO ALUNOUC VALUES('202001027','L.EIC013');
INSERT INTO ALUNOUC VALUES('202001027','L.EIC010');
INSERT INTO ALUNOUC VALUES('202001027','L.EIC006');
INSERT INTO ALUNOUC VALUES('202001027','L.EIC012');
INSERT INTO ALUNOUC VALUES('202001027','L.EIC008');
INSERT INTO ALUNOUC VALUES('202001027','L.EIC014');
INSERT INTO ALUNOUC VALUES('202001027','L.EIC009');
INSERT INTO ALUNOUC VALUES('202001027','L.EIC016');
INSERT INTO ALUNOUC VALUES('202001027','L.EIC017');
INSERT INTO ALUNOUC VALUES('202001027','L.EIC018');
INSERT INTO ALUNOUC VALUES('202001027','L.EIC019');
INSERT INTO ALUNOUC VALUES('202001028','L.EIC013');
INSERT INTO ALUNOUC VALUES('202001028','L.EIC010');
INSERT INTO ALUNOUC VALUES('202001028','L.EIC006');
INSERT INTO ALUNOUC VALUES('202001028','L.EIC012');
INSERT INTO ALUNOUC VALUES('202001028','L.EIC008');
INSERT INTO ALUNOUC VALUES('202001028','L.EIC014');
INSERT INTO ALUNOUC VALUES('202001028','L.EIC009');
INSERT INTO ALUNOUC VALUES('202001028','L.EIC016');
INSERT INTO ALUNOUC VALUES('202001028','L.EIC017');
INSERT INTO ALUNOUC VALUES('202001028','L.EIC018');
INSERT INTO ALUNOUC VALUES('202001028','L.EIC019');
INSERT INTO ALUNOUC VALUES('202001029','L.EIC013');
INSERT INTO ALUNOUC VALUES('202001029','L.EIC010');
INSERT INTO ALUNOUC VALUES('202001029','L.EIC006');
INSERT INTO ALUNOUC VALUES('202001029','L.EIC012');
INSERT INTO ALUNOUC VALUES('202001029','L.EIC008');
INSERT INTO ALUNOUC VALUES('202001029','L.EIC014');
INSERT INTO ALUNOUC VALUES('202001029','L.EIC009');
INSERT INTO ALUNOUC VALUES('202001029','L.EIC016');
INSERT INTO ALUNOUC VALUES('202001029','L.EIC017');
INSERT INTO ALUNOUC VALUES('202001029','L.EIC018');
INSERT INTO ALUNOUC VALUES('202001029','L.EIC019');
INSERT INTO ALUNOUC VALUES('202001030','L.EIC013');
INSERT INTO ALUNOUC VALUES('202001030','L.EIC010');
INSERT INTO ALUNOUC VALUES('202001030','L.EIC006');
INSERT INTO ALUNOUC VALUES('202001030','L.EIC012');
INSERT INTO ALUNOUC VALUES('202001030','L.EIC008');
INSERT INTO ALUNOUC VALUES('202001030','L.EIC014');
INSERT INTO ALUNOUC VALUES('202001030','L.EIC009');
INSERT INTO ALUNOUC VALUES('202001030','L.EIC016');
INSERT INTO ALUNOUC VALUES('202001030','L.EIC017');
INSERT INTO ALUNOUC VALUES('202001030','L.EIC018');
INSERT INTO ALUNOUC VALUES('202001030','L.EIC019');
INSERT INTO ALUNOUC VALUES('202001031','L.EIC013');
INSERT INTO ALUNOUC VALUES('202001031','L.EIC010');
INSERT INTO ALUNOUC VALUES('202001031','L.EIC006');
INSERT INTO ALUNOUC VALUES('202001031','L.EIC012');
INSERT INTO ALUNOUC VALUES('202001031','L.EIC008');
INSERT INTO ALUNOUC VALUES('202001031','L.EIC014');
INSERT INTO ALUNOUC VALUES('202001031','L.EIC009');
INSERT INTO ALUNOUC VALUES('202001031','L.EIC016');
INSERT INTO ALUNOUC VALUES('202001031','L.EIC017');
INSERT INTO ALUNOUC VALUES('202001031','L.EIC018');
INSERT INTO ALUNOUC VALUES('202001031','L.EIC019');
INSERT INTO ALUNOUC VALUES('202001032','L.EIC013');
INSERT INTO ALUNOUC VALUES('202001032','L.EIC010');
INSERT INTO ALUNOUC VALUES('202001032','L.EIC006');
INSERT INTO ALUNOUC VALUES('202001032','L.EIC012');
INSERT INTO ALUNOUC VALUES('202001032','L.EIC008');
INSERT INTO ALUNOUC VALUES('202001032','L.EIC014');
INSERT INTO ALUNOUC VALUES('202001032','L.EIC009');
INSERT INTO ALUNOUC VALUES('202001032','L.EIC016');
INSERT INTO ALUNOUC VALUES('202001032','L.EIC017');
INSERT INTO ALUNOUC VALUES('202001032','L.EIC018');
INSERT INTO ALUNOUC VALUES('202001032','L.EIC019');
INSERT INTO ALUNOUC VALUES('202001033','L.EIC013');
INSERT INTO ALUNOUC VALUES('202001033','L.EIC010');
INSERT INTO ALUNOUC VALUES('202001033','L.EIC006');
INSERT INTO ALUNOUC VALUES('202001033','L.EIC012');
INSERT INTO ALUNOUC VALUES('202001033','L.EIC008');
INSERT INTO ALUNOUC VALUES('202001033','L.EIC014');
INSERT INTO ALUNOUC VALUES('202001033','L.EIC009');
INSERT INTO ALUNOUC VALUES('202001033','L.EIC016');
INSERT INTO ALUNOUC VALUES('202001033','L.EIC017');
INSERT INTO ALUNOUC VALUES('202001033','L.EIC018');
INSERT INTO ALUNOUC VALUES('202001033','L.EIC019');
INSERT INTO ALUNOUC VALUES('202001034','L.EIC013');
INSERT INTO ALUNOUC VALUES('202001034','L.EIC010');
INSERT INTO ALUNOUC VALUES('202001034','L.EIC006');
INSERT INTO ALUNOUC VALUES('202001034','L.EIC012');
INSERT INTO ALUNOUC VALUES('202001034','L.EIC008');
INSERT INTO ALUNOUC VALUES('202001034','L.EIC014');
INSERT INTO ALUNOUC VALUES('202001034','L.EIC009');
INSERT INTO ALUNOUC VALUES('202001034','L.EIC016');
INSERT INTO ALUNOUC VALUES('202001034','L.EIC017');
INSERT INTO ALUNOUC VALUES('202001034','L.EIC018');
INSERT INTO ALUNOUC VALUES('202001034','L.EIC019');
INSERT INTO ALUNOUC VALUES('202001035','L.EIC013');
INSERT INTO ALUNOUC VALUES('202001035','L.EIC010');
INSERT INTO ALUNOUC VALUES('202001035','L.EIC006');
INSERT INTO ALUNOUC VALUES('202001035','L.EIC012');
INSERT INTO ALUNOUC VALUES('202001035','L.EIC008');
INSERT INTO ALUNOUC VALUES('202001035','L.EIC014');
INSERT INTO ALUNOUC VALUES('202001035','L.EIC009');
INSERT INTO ALUNOUC VALUES('202001035','L.EIC016');
INSERT INTO ALUNOUC VALUES('202001035','L.EIC017');
INSERT INTO ALUNOUC VALUES('202001035','L.EIC018');
INSERT INTO ALUNOUC VALUES('202001035','L.EIC019');
INSERT INTO ALUNOUC VALUES('202001036','L.EIC013');
INSERT INTO ALUNOUC VALUES('202001036','L.EIC010');
INSERT INTO ALUNOUC VALUES('202001036','L.EIC006');
INSERT INTO ALUNOUC VALUES('202001036','L.EIC012');
INSERT INTO ALUNOUC VALUES('202001036','L.EIC008');
INSERT INTO ALUNOUC VALUES('202001036','L.EIC014');
INSERT INTO ALUNOUC VALUES('202001036','L.EIC009');
INSERT INTO ALUNOUC VALUES('202001036','L.EIC016');
INSERT INTO ALUNOUC VALUES('202001036','L.EIC017');
INSERT INTO ALUNOUC VALUES('202001036','L.EIC018');
INSERT INTO ALUNOUC VALUES('202001036','L.EIC019');
INSERT INTO ALUNOUC VALUES('202001037','L.EIC013');
INSERT INTO ALUNOUC VALUES('202001037','L.EIC010');
INSERT INTO ALUNOUC VALUES('202001037','L.EIC006');
INSERT INTO ALUNOUC VALUES('202001037','L.EIC012');
INSERT INTO ALUNOUC VALUES('202001037','L.EIC008');
INSERT INTO ALUNOUC VALUES('202001037','L.EIC014');
INSERT INTO ALUNOUC VALUES('202001037','L.EIC009');
INSERT INTO ALUNOUC VALUES('202001037','L.EIC016');
INSERT INTO ALUNOUC VALUES('202001037','L.EIC017');
INSERT INTO ALUNOUC VALUES('202001037','L.EIC018');
INSERT INTO ALUNOUC VALUES('202001037','L.EIC019');
INSERT INTO ALUNOUC VALUES('202001038','L.EIC013');
INSERT INTO ALUNOUC VALUES('202001038','L.EIC010');
INSERT INTO ALUNOUC VALUES('202001038','L.EIC006');
INSERT INTO ALUNOUC VALUES('202001038','L.EIC012');
INSERT INTO ALUNOUC VALUES('202001038','L.EIC008');
INSERT INTO ALUNOUC VALUES('202001038','L.EIC014');
INSERT INTO ALUNOUC VALUES('202001038','L.EIC009');
INSERT INTO ALUNOUC VALUES('202001038','L.EIC016');
INSERT INTO ALUNOUC VALUES('202001038','L.EIC017');
INSERT INTO ALUNOUC VALUES('202001038','L.EIC018');
INSERT INTO ALUNOUC VALUES('202001038','L.EIC019');
INSERT INTO ALUNOUC VALUES('202001039','L.EIC013');
INSERT INTO ALUNOUC VALUES('202001039','L.EIC010');
INSERT INTO ALUNOUC VALUES('202001039','L.EIC006');
INSERT INTO ALUNOUC VALUES('202001039','L.EIC012');
INSERT INTO ALUNOUC VALUES('202001039','L.EIC008');
INSERT INTO ALUNOUC VALUES('202001039','L.EIC014');
INSERT INTO ALUNOUC VALUES('202001039','L.EIC009');
INSERT INTO ALUNOUC VALUES('202001039','L.EIC016');
INSERT INTO ALUNOUC VALUES('202001039','L.EIC017');
INSERT INTO ALUNOUC VALUES('202001039','L.EIC018');
INSERT INTO ALUNOUC VALUES('202001039','L.EIC019');
INSERT INTO ALUNOUC VALUES('202001040','L.EIC013');
INSERT INTO ALUNOUC VALUES('202001040','L.EIC010');
INSERT INTO ALUNOUC VALUES('202001040','L.EIC006');
INSERT INTO ALUNOUC VALUES('202001040','L.EIC012');
INSERT INTO ALUNOUC VALUES('202001040','L.EIC008');
INSERT INTO ALUNOUC VALUES('202001040','L.EIC014');
INSERT INTO ALUNOUC VALUES('202001040','L.EIC009');
INSERT INTO ALUNOUC VALUES('202001040','L.EIC016');
INSERT INTO ALUNOUC VALUES('202001040','L.EIC017');
INSERT INTO ALUNOUC VALUES('202001040','L.EIC018');
INSERT INTO ALUNOUC VALUES('202001040','L.EIC019');
INSERT INTO ALUNOUC VALUES('202001041','L.EIC013');
INSERT INTO ALUNOUC VALUES('202001041','L.EIC010');
INSERT INTO ALUNOUC VALUES('202001041','L.EIC006');
INSERT INTO ALUNOUC VALUES('202001041','L.EIC012');
INSERT INTO ALUNOUC VALUES('202001041','L.EIC008');
INSERT INTO ALUNOUC VALUES('202001041','L.EIC014');
INSERT INTO ALUNOUC VALUES('202001041','L.EIC009');
INSERT INTO ALUNOUC VALUES('202001041','L.EIC016');
INSERT INTO ALUNOUC VALUES('202001041','L.EIC017');
INSERT INTO ALUNOUC VALUES('202001041','L.EIC018');
INSERT INTO ALUNOUC VALUES('202001041','L.EIC019');
INSERT INTO ALUNOUC VALUES('202001042','L.EIC013');
INSERT INTO ALUNOUC VALUES('202001042','L.EIC010');
INSERT INTO ALUNOUC VALUES('202001042','L.EIC006');
INSERT INTO ALUNOUC VALUES('202001042','L.EIC012');
INSERT INTO ALUNOUC VALUES('202001042','L.EIC008');
INSERT INTO ALUNOUC VALUES('202001042','L.EIC014');
INSERT INTO ALUNOUC VALUES('202001042','L.EIC009');
INSERT INTO ALUNOUC VALUES('202001042','L.EIC016');
INSERT INTO ALUNOUC VALUES('202001042','L.EIC017');
INSERT INTO ALUNOUC VALUES('202001042','L.EIC018');
INSERT INTO ALUNOUC VALUES('202001042','L.EIC019');
INSERT INTO ALUNOUC VALUES('202001043','L.EIC013');
INSERT INTO ALUNOUC VALUES('202001043','L.EIC010');
INSERT INTO ALUNOUC VALUES('202001043','L.EIC006');
INSERT INTO ALUNOUC VALUES('202001043','L.EIC012');
INSERT INTO ALUNOUC VALUES('202001043','L.EIC008');
INSERT INTO ALUNOUC VALUES('202001043','L.EIC014');
INSERT INTO ALUNOUC VALUES('202001043','L.EIC009');
INSERT INTO ALUNOUC VALUES('202001043','L.EIC016');
INSERT INTO ALUNOUC VALUES('202001043','L.EIC017');
INSERT INTO ALUNOUC VALUES('202001043','L.EIC018');
INSERT INTO ALUNOUC VALUES('202001043','L.EIC019');
INSERT INTO ALUNOUC VALUES('202001044','L.EIC013');
INSERT INTO ALUNOUC VALUES('202001044','L.EIC010');
INSERT INTO ALUNOUC VALUES('202001044','L.EIC006');
INSERT INTO ALUNOUC VALUES('202001044','L.EIC012');
INSERT INTO ALUNOUC VALUES('202001044','L.EIC008');
INSERT INTO ALUNOUC VALUES('202001044','L.EIC014');
INSERT INTO ALUNOUC VALUES('202001044','L.EIC009');
INSERT INTO ALUNOUC VALUES('202001044','L.EIC016');
INSERT INTO ALUNOUC VALUES('202001044','L.EIC017');
INSERT INTO ALUNOUC VALUES('202001044','L.EIC018');
INSERT INTO ALUNOUC VALUES('202001044','L.EIC019');
INSERT INTO ALUNOUC VALUES('202001045','L.EIC013');
INSERT INTO ALUNOUC VALUES('202001045','L.EIC010');
INSERT INTO ALUNOUC VALUES('202001045','L.EIC006');
INSERT INTO ALUNOUC VALUES('202001045','L.EIC012');
INSERT INTO ALUNOUC VALUES('202001045','L.EIC008');
INSERT INTO ALUNOUC VALUES('202001045','L.EIC014');
INSERT INTO ALUNOUC VALUES('202001045','L.EIC009');
INSERT INTO ALUNOUC VALUES('202001045','L.EIC016');
INSERT INTO ALUNOUC VALUES('202001045','L.EIC017');
INSERT INTO ALUNOUC VALUES('202001045','L.EIC018');
INSERT INTO ALUNOUC VALUES('202001045','L.EIC019');
INSERT INTO ALUNOUC VALUES('202001046','L.EIC013');
INSERT INTO ALUNOUC VALUES('202001046','L.EIC010');
INSERT INTO ALUNOUC VALUES('202001046','L.EIC006');
INSERT INTO ALUNOUC VALUES('202001046','L.EIC012');
INSERT INTO ALUNOUC VALUES('202001046','L.EIC008');
INSERT INTO ALUNOUC VALUES('202001046','L.EIC014');
INSERT INTO ALUNOUC VALUES('202001046','L.EIC009');
INSERT INTO ALUNOUC VALUES('202001046','L.EIC016');
INSERT INTO ALUNOUC VALUES('202001046','L.EIC017');
INSERT INTO ALUNOUC VALUES('202001046','L.EIC018');
INSERT INTO ALUNOUC VALUES('202001046','L.EIC019');
INSERT INTO ALUNOUC VALUES('202001047','L.EIC013');
INSERT INTO ALUNOUC VALUES('202001047','L.EIC010');
INSERT INTO ALUNOUC VALUES('202001047','L.EIC006');
INSERT INTO ALUNOUC VALUES('202001047','L.EIC012');
INSERT INTO ALUNOUC VALUES('202001047','L.EIC008');
INSERT INTO ALUNOUC VALUES('202001047','L.EIC014');
INSERT INTO ALUNOUC VALUES('202001047','L.EIC009');
INSERT INTO ALUNOUC VALUES('202001047','L.EIC016');
INSERT INTO ALUNOUC VALUES('202001047','L.EIC017');
INSERT INTO ALUNOUC VALUES('202001047','L.EIC018');
INSERT INTO ALUNOUC VALUES('202001047','L.EIC019');
INSERT INTO ALUNOUC VALUES('202001048','L.EIC013');
INSERT INTO ALUNOUC VALUES('202001048','L.EIC010');
INSERT INTO ALUNOUC VALUES('202001048','L.EIC006');
INSERT INTO ALUNOUC VALUES('202001048','L.EIC012');
INSERT INTO ALUNOUC VALUES('202001048','L.EIC008');
INSERT INTO ALUNOUC VALUES('202001048','L.EIC014');
INSERT INTO ALUNOUC VALUES('202001048','L.EIC009');
INSERT INTO ALUNOUC VALUES('202001048','L.EIC016');
INSERT INTO ALUNOUC VALUES('202001048','L.EIC017');
INSERT INTO ALUNOUC VALUES('202001048','L.EIC018');
INSERT INTO ALUNOUC VALUES('202001048','L.EIC019');
INSERT INTO ALUNOUC VALUES('202001049','L.EIC013');
INSERT INTO ALUNOUC VALUES('202001049','L.EIC010');
INSERT INTO ALUNOUC VALUES('202001049','L.EIC006');
INSERT INTO ALUNOUC VALUES('202001049','L.EIC012');
INSERT INTO ALUNOUC VALUES('202001049','L.EIC008');
INSERT INTO ALUNOUC VALUES('202001049','L.EIC014');
INSERT INTO ALUNOUC VALUES('202001049','L.EIC009');
INSERT INTO ALUNOUC VALUES('202001049','L.EIC016');
INSERT INTO ALUNOUC VALUES('202001049','L.EIC017');
INSERT INTO ALUNOUC VALUES('202001049','L.EIC018');
INSERT INTO ALUNOUC VALUES('202001049','L.EIC019');
INSERT INTO ALUNOUC VALUES('202001050','L.EIC013');
INSERT INTO ALUNOUC VALUES('202001050','L.EIC010');
INSERT INTO ALUNOUC VALUES('202001050','L.EIC006');
INSERT INTO ALUNOUC VALUES('202001050','L.EIC012');
INSERT INTO ALUNOUC VALUES('202001050','L.EIC008');
INSERT INTO ALUNOUC VALUES('202001050','L.EIC014');
INSERT INTO ALUNOUC VALUES('202001050','L.EIC009');
INSERT INTO ALUNOUC VALUES('202001050','L.EIC016');
INSERT INTO ALUNOUC VALUES('202001050','L.EIC017');
INSERT INTO ALUNOUC VALUES('202001050','L.EIC018');
INSERT INTO ALUNOUC VALUES('202001050','L.EIC019');
INSERT INTO ALUNOUC VALUES('202001051','L.EIC013');
INSERT INTO ALUNOUC VALUES('202001051','L.EIC010');
INSERT INTO ALUNOUC VALUES('202001051','L.EIC006');
INSERT INTO ALUNOUC VALUES('202001051','L.EIC012');
INSERT INTO ALUNOUC VALUES('202001051','L.EIC008');
INSERT INTO ALUNOUC VALUES('202001051','L.EIC014');
INSERT INTO ALUNOUC VALUES('202001051','L.EIC009');
INSERT INTO ALUNOUC VALUES('202001051','L.EIC016');
INSERT INTO ALUNOUC VALUES('202001051','L.EIC017');
INSERT INTO ALUNOUC VALUES('202001051','L.EIC018');
INSERT INTO ALUNOUC VALUES('202001051','L.EIC019');
INSERT INTO ALUNOUC VALUES('202001052','L.EIC013');
INSERT INTO ALUNOUC VALUES('202001052','L.EIC010');
INSERT INTO ALUNOUC VALUES('202001052','L.EIC006');
INSERT INTO ALUNOUC VALUES('202001052','L.EIC012');
INSERT INTO ALUNOUC VALUES('202001052','L.EIC008');
INSERT INTO ALUNOUC VALUES('202001052','L.EIC014');
INSERT INTO ALUNOUC VALUES('202001052','L.EIC009');
INSERT INTO ALUNOUC VALUES('202001052','L.EIC016');
INSERT INTO ALUNOUC VALUES('202001052','L.EIC017');
INSERT INTO ALUNOUC VALUES('202001052','L.EIC018');
INSERT INTO ALUNOUC VALUES('202001052','L.EIC019');
INSERT INTO ALUNOUC VALUES('202001053','L.EIC013');
INSERT INTO ALUNOUC VALUES('202001053','L.EIC010');
INSERT INTO ALUNOUC VALUES('202001053','L.EIC006');
INSERT INTO ALUNOUC VALUES('202001053','L.EIC012');
INSERT INTO ALUNOUC VALUES('202001053','L.EIC008');
INSERT INTO ALUNOUC VALUES('202001053','L.EIC014');
INSERT INTO ALUNOUC VALUES('202001053','L.EIC009');
INSERT INTO ALUNOUC VALUES('202001053','L.EIC016');
INSERT INTO ALUNOUC VALUES('202001053','L.EIC017');
INSERT INTO ALUNOUC VALUES('202001053','L.EIC018');
INSERT INTO ALUNOUC VALUES('202001053','L.EIC019');
INSERT INTO ALUNOUC VALUES('202001054','L.EIC013');
INSERT INTO ALUNOUC VALUES('202001054','L.EIC010');
INSERT INTO ALUNOUC VALUES('202001054','L.EIC006');
INSERT INTO ALUNOUC VALUES('202001054','L.EIC012');
INSERT INTO ALUNOUC VALUES('202001054','L.EIC008');
INSERT INTO ALUNOUC VALUES('202001054','L.EIC014');
INSERT INTO ALUNOUC VALUES('202001054','L.EIC009');
INSERT INTO ALUNOUC VALUES('202001054','L.EIC016');
INSERT INTO ALUNOUC VALUES('202001054','L.EIC017');
INSERT INTO ALUNOUC VALUES('202001054','L.EIC018');
INSERT INTO ALUNOUC VALUES('202001054','L.EIC019');
INSERT INTO ALUNOUC VALUES('202001055','L.EIC010');
INSERT INTO ALUNOUC VALUES('202001055','L.EIC006');
INSERT INTO ALUNOUC VALUES('202001055','L.EIC012');
INSERT INTO ALUNOUC VALUES('202001055','L.EIC008');
INSERT INTO ALUNOUC VALUES('202001055','L.EIC014');
INSERT INTO ALUNOUC VALUES('202001055','L.EIC009');
INSERT INTO ALUNOUC VALUES('202001055','L.EIC016');
INSERT INTO ALUNOUC VALUES('202001055','L.EIC017');
INSERT INTO ALUNOUC VALUES('202001055','L.EIC018');
INSERT INTO ALUNOUC VALUES('202001055','L.EIC019');
INSERT INTO ALUNOUC VALUES('202001056','L.EIC010');
INSERT INTO ALUNOUC VALUES('202001056','L.EIC006');
INSERT INTO ALUNOUC VALUES('202001056','L.EIC012');
INSERT INTO ALUNOUC VALUES('202001056','L.EIC008');
INSERT INTO ALUNOUC VALUES('202001056','L.EIC014');
INSERT INTO ALUNOUC VALUES('202001056','L.EIC009');
INSERT INTO ALUNOUC VALUES('202001056','L.EIC016');
INSERT INTO ALUNOUC VALUES('202001056','L.EIC017');
INSERT INTO ALUNOUC VALUES('202001056','L.EIC018');
INSERT INTO ALUNOUC VALUES('202001056','L.EIC019');
INSERT INTO ALUNOUC VALUES('202001057','L.EIC013');
INSERT INTO ALUNOUC VALUES('202001057','L.EIC010');
INSERT INTO ALUNOUC VALUES('202001057','L.EIC006');
INSERT INTO ALUNOUC VALUES('202001057','L.EIC012');
INSERT INTO ALUNOUC VALUES('202001057','L.EIC008');
INSERT INTO ALUNOUC VALUES('202001057','L.EIC014');
INSERT INTO ALUNOUC VALUES('202001057','L.EIC009');
INSERT INTO ALUNOUC VALUES('202001057','L.EIC016');
INSERT INTO ALUNOUC VALUES('202001057','L.EIC017');
INSERT INTO ALUNOUC VALUES('202001057','L.EIC018');
INSERT INTO ALUNOUC VALUES('202001057','L.EIC019');
INSERT INTO ALUNOUC VALUES('202001058','L.EIC013');
INSERT INTO ALUNOUC VALUES('202001058','L.EIC010');
INSERT INTO ALUNOUC VALUES('202001058','L.EIC006');
INSERT INTO ALUNOUC VALUES('202001058','L.EIC012');
INSERT INTO ALUNOUC VALUES('202001058','L.EIC008');
INSERT INTO ALUNOUC VALUES('202001058','L.EIC014');
INSERT INTO ALUNOUC VALUES('202001058','L.EIC009');
INSERT INTO ALUNOUC VALUES('202001058','L.EIC016');
INSERT INTO ALUNOUC VALUES('202001058','L.EIC017');
INSERT INTO ALUNOUC VALUES('202001058','L.EIC018');
INSERT INTO ALUNOUC VALUES('202001058','L.EIC019');
INSERT INTO ALUNOUC VALUES('202001059','L.EIC013');
INSERT INTO ALUNOUC VALUES('202001059','L.EIC010');
INSERT INTO ALUNOUC VALUES('202001059','L.EIC006');
INSERT INTO ALUNOUC VALUES('202001059','L.EIC012');
INSERT INTO ALUNOUC VALUES('202001059','L.EIC008');
INSERT INTO ALUNOUC VALUES('202001059','L.EIC014');
INSERT INTO ALUNOUC VALUES('202001059','L.EIC009');
INSERT INTO ALUNOUC VALUES('202001059','L.EIC016');
INSERT INTO ALUNOUC VALUES('202001059','L.EIC017');
INSERT INTO ALUNOUC VALUES('202001059','L.EIC018');
INSERT INTO ALUNOUC VALUES('202001059','L.EIC019');
INSERT INTO ALUNOUC VALUES('202001060','M.EEC01');
INSERT INTO ALUNOUC VALUES('202001060','M.EEC02');
INSERT INTO ALUNOUC VALUES('202001060','M.EEC03');
INSERT INTO ALUNOUC VALUES('202001061','M.EEC01');
INSERT INTO ALUNOUC VALUES('202001061','M.EEC02');
INSERT INTO ALUNOUC VALUES('202001061','M.EEC03');
INSERT INTO ALUNOUC VALUES('202001062','M.EEC01');
INSERT INTO ALUNOUC VALUES('202001062','M.EEC02');
INSERT INTO ALUNOUC VALUES('202001062','M.EEC03');
INSERT INTO ALUNOUC VALUES('202001063','M.EEC01');
INSERT INTO ALUNOUC VALUES('202001063','M.EEC02');
INSERT INTO ALUNOUC VALUES('202001063','M.EEC03');
INSERT INTO ALUNOUC VALUES('202001064','M.EEC01');
INSERT INTO ALUNOUC VALUES('202001064','M.EEC02');
INSERT INTO ALUNOUC VALUES('202001064','M.EEC03');
INSERT INTO ALUNOUC VALUES('202001065','M.EEC01');
INSERT INTO ALUNOUC VALUES('202001065','M.EEC02');
INSERT INTO ALUNOUC VALUES('202001065','M.EEC03');
INSERT INTO ALUNOUC VALUES('202001066','M.EEC01');
INSERT INTO ALUNOUC VALUES('202001066','M.EEC02');
INSERT INTO ALUNOUC VALUES('202001066','M.EEC03');
INSERT INTO ALUNOUC VALUES('202001067','M.EEC01');
INSERT INTO ALUNOUC VALUES('202001067','M.EEC02');
INSERT INTO ALUNOUC VALUES('202001067','M.EEC03');
INSERT INTO ALUNOUC VALUES('202001068','M.EEC01');
INSERT INTO ALUNOUC VALUES('202001068','M.EEC02');
INSERT INTO ALUNOUC VALUES('202001068','M.EEC03');
INSERT INTO ALUNOUC VALUES('202001069','M.EEC01');
INSERT INTO ALUNOUC VALUES('202001069','M.EEC02');
INSERT INTO ALUNOUC VALUES('202001069','M.EEC03');
INSERT INTO ALUNOUC VALUES('202001070','M.EEC01');
INSERT INTO ALUNOUC VALUES('202001070','M.EEC02');
INSERT INTO ALUNOUC VALUES('202001070','M.EEC03');
INSERT INTO ALUNOUC VALUES('202001071','M.EEC01');
INSERT INTO ALUNOUC VALUES('202001071','M.EEC02');
INSERT INTO ALUNOUC VALUES('202001071','M.EEC03');
INSERT INTO ALUNOUC VALUES('202001072','M.EEC01');
INSERT INTO ALUNOUC VALUES('202001072','M.EEC02');
INSERT INTO ALUNOUC VALUES('202001072','M.EEC03');
INSERT INTO ALUNOUC VALUES('202001073','M.EEC01');
INSERT INTO ALUNOUC VALUES('202001073','M.EEC02');
INSERT INTO ALUNOUC VALUES('202001073','M.EEC03');
INSERT INTO ALUNOUC VALUES('202001074','M.EEC01');
INSERT INTO ALUNOUC VALUES('202001074','M.EEC02');
INSERT INTO ALUNOUC VALUES('202001074','M.EEC03');
INSERT INTO ALUNOUC VALUES('202001075','M.EEC01');
INSERT INTO ALUNOUC VALUES('202001075','M.EEC02');
INSERT INTO ALUNOUC VALUES('202001075','M.EEC03');
INSERT INTO ALUNOUC VALUES('202001076','M.EEC01');
INSERT INTO ALUNOUC VALUES('202001076','M.EEC02');
INSERT INTO ALUNOUC VALUES('202001076','M.EEC03');
INSERT INTO ALUNOUC VALUES('202001077','M.EEC01');
INSERT INTO ALUNOUC VALUES('202001077','M.EEC02');
INSERT INTO ALUNOUC VALUES('202001077','M.EEC03');
INSERT INTO ALUNOUC VALUES('202001078','M.EEC01');
INSERT INTO ALUNOUC VALUES('202001078','M.EEC02');
INSERT INTO ALUNOUC VALUES('202001078','M.EEC03');
INSERT INTO ALUNOUC VALUES('202001079','M.EEC01');
INSERT INTO ALUNOUC VALUES('202001079','M.EEC02');
INSERT INTO ALUNOUC VALUES('202001079','M.EEC03');
INSERT INTO ALUNOUC VALUES('202001080','L.EEC01');
INSERT INTO ALUNOUC VALUES('202001081','M.EIC01');
INSERT INTO ALUNOUC VALUES('202001082','L.EEC01');
INSERT INTO ALUNOUC VALUES('202001083','M.EIC01');
INSERT INTO ALUNOUC VALUES('202001084','M.EIC01');
INSERT INTO ALUNOUC VALUES('202001085','L.EEC01');
INSERT INTO ALUNOUC VALUES('202001086','M.EIC01');
INSERT INTO ALUNOUC VALUES('202001087','L.EEC01');
INSERT INTO ALUNOUC VALUES('202001088','L.EEC01');
INSERT INTO ALUNOUC VALUES('202001089','M.EIC01');
INSERT INTO ALUNOUC VALUES('202001090','M.EIC01');
INSERT INTO ALUNOUC VALUES('202001091','M.EIC01');
INSERT INTO ALUNOUC VALUES('202001092','L.EEC01');
INSERT INTO ALUNOUC VALUES('202001093','M.EIC01');
INSERT INTO ALUNOUC VALUES('202001094','M.EIC01');
INSERT INTO ALUNOUC VALUES('202001095','L.EEC01');
INSERT INTO ALUNOUC VALUES('202001096','L.EEC01');
INSERT INTO ALUNOUC VALUES('202001097','L.EEC01');
INSERT INTO ALUNOUC VALUES('202001098','M.EIC01');
INSERT INTO ALUNOUC VALUES('202001099','L.EEC01');


INSERT INTO OCORRENCIAUC VALUES('1','2021-2022','2','1','58','L.EIC013');
INSERT INTO OCORRENCIAUC VALUES('2','2021-2022','1','2','60','L.EIC010');
INSERT INTO OCORRENCIAUC VALUES('3','2021-2022','2','1','60','L.EIC006');
INSERT INTO OCORRENCIAUC VALUES('4','2021-2022','2','1','60','L.EIC012');
INSERT INTO OCORRENCIAUC VALUES('5','2021-2022','1','2','60','L.EIC014');
INSERT INTO OCORRENCIAUC VALUES('6','2021-2022','2','1','60','L.EIC009');
INSERT INTO OCORRENCIAUC VALUES('7','2021-2022','2','1','60','L.EIC016');
INSERT INTO OCORRENCIAUC VALUES('8','2021-2022','2','2','60','L.EIC017');
INSERT INTO OCORRENCIAUC VALUES('9','2021-2022','2','2','60','L.EIC018');
INSERT INTO OCORRENCIAUC VALUES('10','2021-2022','1','2','60','L.EIC019');
INSERT INTO OCORRENCIAUC VALUES('11','2021-2022','2','1','60','L.EIC008');
INSERT INTO OCORRENCIAUC VALUES('12','2021-2022','4','1','20','M.EEC01');
INSERT INTO OCORRENCIAUC VALUES('13','2021-2022','5','2','20','M.EEC02');
INSERT INTO OCORRENCIAUC VALUES('14','2021-2022','4','1','20','M.EEC03');
INSERT INTO OCORRENCIAUC VALUES('15','2021-2022','2','2','20','L.EEC01');
INSERT INTO OCORRENCIAUC VALUES('16','2021-2022','4','2','20','M.EIC01');


INSERT INTO NAODOCENTE VALUES('135','Joel Henriques','665','6','Seguranca');
INSERT INTO NAODOCENTE VALUES('148','Salvador Gonçalves','665','6','Seguranca');
INSERT INTO NAODOCENTE VALUES('150','Helena Figueiredo','750','12','Cozinheira');
INSERT INTO NAODOCENTE VALUES('302','Joel Barbosa','775','6','Tecnico');
INSERT INTO NAODOCENTE VALUES('500','Mia Lopes','750','12','Cozinheira');
INSERT INTO NAODOCENTE VALUES('105','Emanuel Amorim','665','6','Seguranca');
INSERT INTO NAODOCENTE VALUES('231','Fábio Loureiro','665','6','Seguranca');
INSERT INTO NAODOCENTE VALUES('222','Dinis Valente','685','6','Ajudante de cozinheira');
INSERT INTO NAODOCENTE VALUES('625','Joana Domingues','665','6','Continua');
INSERT INTO NAODOCENTE VALUES('300','Isabel Leal','665','6','Continua');
INSERT INTO NAODOCENTE VALUES('325','Sandro Matias','665','6','Seguranca');
INSERT INTO NAODOCENTE VALUES('112','Luciana Figueiredo','750','12','Cozinheira');
INSERT INTO NAODOCENTE VALUES('720','Mateus Cunha','875','12','Administrativo');
INSERT INTO NAODOCENTE VALUES('615','Íris Fonseca','665','6','Continua');
INSERT INTO NAODOCENTE VALUES('320','Alexandra Pinto','665','6','Continua');
INSERT INTO NAODOCENTE VALUES('415','Vítor Carneiro','775','6','Tecnico');
INSERT INTO NAODOCENTE VALUES('312','Constança Barros','665','6','Continua');
INSERT INTO NAODOCENTE VALUES('225','David Amaral','875','12','Administrativo');
INSERT INTO NAODOCENTE VALUES('199','Isabel Batista','665','6','Continua');
INSERT INTO NAODOCENTE VALUES('421','Clara Cunha','665','6','Continua');
INSERT INTO NAODOCENTE VALUES('175','Daniela Pereira','665','6','Continua');


INSERT INTO LECIONAM VALUES('L.EIC013','113');
INSERT INTO LECIONAM VALUES('L.EIC010','110');
INSERT INTO LECIONAM VALUES('L.EIC006','93');
INSERT INTO LECIONAM VALUES('L.EIC014','81');
INSERT INTO LECIONAM VALUES('L.EIC012','68');
INSERT INTO LECIONAM VALUES('L.EIC008','55');
INSERT INTO LECIONAM VALUES('L.EIC009','44');
INSERT INTO LECIONAM VALUES('L.EIC016','22');
INSERT INTO LECIONAM VALUES('L.EIC017','15');
INSERT INTO LECIONAM VALUES('L.EIC018','11');
INSERT INTO LECIONAM VALUES('L.EIC019','4');
INSERT INTO LECIONAM VALUES('L.EIC010','3');
INSERT INTO LECIONAM VALUES('L.EIC006','0');
INSERT INTO LECIONAM VALUES('L.EIC010','113');
INSERT INTO LECIONAM VALUES('L.EIC013','110');
INSERT INTO LECIONAM VALUES('L.EIC014','93');
INSERT INTO LECIONAM VALUES('L.EIC012','81');
INSERT INTO LECIONAM VALUES('L.EIC008','68');
INSERT INTO LECIONAM VALUES('L.EIC009','55');
INSERT INTO LECIONAM VALUES('L.EIC016','44');
INSERT INTO LECIONAM VALUES('L.EIC017','22');
INSERT INTO LECIONAM VALUES('L.EIC018','15');
INSERT INTO LECIONAM VALUES('L.EIC019','11');
INSERT INTO LECIONAM VALUES('L.EIC010','4');
INSERT INTO LECIONAM VALUES('L.EIC006','3');
INSERT INTO LECIONAM VALUES('L.EIC012','0');
INSERT INTO LECIONAM VALUES('L.EIC006','113');
INSERT INTO LECIONAM VALUES('L.EIC014','110');
INSERT INTO LECIONAM VALUES('L.EIC012','93');
INSERT INTO LECIONAM VALUES('L.EIC008','81');
INSERT INTO LECIONAM VALUES('L.EIC009','68');
INSERT INTO LECIONAM VALUES('L.EIC016','55');
INSERT INTO LECIONAM VALUES('L.EIC017','44');
INSERT INTO LECIONAM VALUES('L.EIC018','22');
INSERT INTO LECIONAM VALUES('L.EIC010','15');
INSERT INTO LECIONAM VALUES('L.EIC012','11');
INSERT INTO LECIONAM VALUES('L.EIC008','4');
INSERT INTO LECIONAM VALUES('L.EIC009','3');
INSERT INTO LECIONAM VALUES('L.EIC019','0');
INSERT INTO LECIONAM VALUES('L.EEC01','49');
INSERT INTO LECIONAM VALUES('L.EEC01','59');
INSERT INTO LECIONAM VALUES('L.EEC01','80');
INSERT INTO LECIONAM VALUES('M.EEC01','76');
INSERT INTO LECIONAM VALUES('M.EEC02','94');
INSERT INTO LECIONAM VALUES('M.EEC03','96');
INSERT INTO LECIONAM VALUES('M.EIC01','93');
INSERT INTO LECIONAM VALUES('M.EIC01','3');
INSERT INTO LECIONAM VALUES('M.EIC01','0');



INSERT INTO DIRECAOCURSO VALUES('1','12-12-2016','9541','117','113');
INSERT INTO DIRECAOCURSO VALUES('2','12-12-2020','9541','118','114');

INSERT INTO DIRECAOCURSO VALUES('3','05-01-2016','9542','7','65');
INSERT INTO DIRECAOCURSO VALUES('4','05-01-2020','9542','35','73');

INSERT INTO DIRECAOCURSO VALUES('5','07-01-2016','9543','75','15');
INSERT INTO DIRECAOCURSO VALUES('6','07-01-2020','9543','77','30');

INSERT INTO DIRECAOCURSO VALUES('7','07-01-2016','9544','1','28');
INSERT INTO DIRECAOCURSO VALUES('8','07-01-2020','9544','21','33');

INSERT INTO DIRECAOCURSO VALUES('9','07-01-2016','9545','5','9');
INSERT INTO DIRECAOCURSO VALUES('10','07-01-2020','9545','6','12');

INSERT INTO DIRECAOCURSO VALUES('11','07-01-2016','9546','2','17');
INSERT INTO DIRECAOCURSO VALUES('12','07-01-2020','9546','4','24');

INSERT INTO DIRECAOCURSO VALUES('13','07-01-2016','9547','8','81');
INSERT INTO DIRECAOCURSO VALUES('14','07-01-2020','9547','3','95');

INSERT INTO DIRECAOCURSO VALUES('15','07-01-2016','9548','18','108');
INSERT INTO DIRECAOCURSO VALUES('16','07-01-2020','9548','34','110');

INSERT INTO DIRECAOCURSO VALUES('17','07-01-2016','9549','13','71');
INSERT INTO DIRECAOCURSO VALUES('18','07-01-2020','9549','16','72');

INSERT INTO DIRECAOCURSO VALUES('19','07-01-2016','9550','0','107');
INSERT INTO DIRECAOCURSO VALUES('20','07-01-2020','9550','11','97');

INSERT INTO DIRECAOCURSO VALUES('21','07-01-2016','9551','93','37');
INSERT INTO DIRECAOCURSO VALUES('22','07-01-2020','9551','109','54');

INSERT INTO DIRECAOCURSO VALUES('23','07-01-2016','9552','116','68');
INSERT INTO DIRECAOCURSO VALUES('24','07-01-2020','9552','115','69');

INSERT INTO DIRECAOCURSO VALUES('25','07-01-2016','9553','42','83');
INSERT INTO DIRECAOCURSO VALUES('26','07-01-2020','9553','45','89');

INSERT INTO DIRECAOCURSO VALUES('27','07-01-2016','9554','50','79');
INSERT INTO DIRECAOCURSO VALUES('28','07-01-2020','9554','52','105');

INSERT INTO DIRECAOCURSO VALUES('29','07-01-2016','9555','33','44');
INSERT INTO DIRECAOCURSO VALUES('30','07-01-2020','9555','36','39');

INSERT INTO DIRECAOCURSO VALUES('31','07-01-2016','9556','104','99');
INSERT INTO DIRECAOCURSO VALUES('32','07-01-2020','9556','101','91');

INSERT INTO DIRECAOCURSO VALUES('33','07-01-2016','9557','10','29');
INSERT INTO DIRECAOCURSO VALUES('34','07-01-2020','9557','14','31');

INSERT INTO DIRECAOCURSO VALUES('35','07-01-2016','9558','40','100');
INSERT INTO DIRECAOCURSO VALUES('36','07-01-2020','9558','58','84');

INSERT INTO DIRECAOCURSO VALUES('37','07-01-2016','9559','47','82');
INSERT INTO DIRECAOCURSO VALUES('38','07-01-2020','9559','61','64');

INSERT INTO DIRECAOCURSO VALUES('39','07-01-2016','9560','19','85');
INSERT INTO DIRECAOCURSO VALUES('40','07-01-2020','9560','23','92');

INSERT INTO DIRECAOCURSO VALUES('41','07-01-2016','9561','48','86');
INSERT INTO DIRECAOCURSO VALUES('42','07-01-2020','9561','55','87');

INSERT INTO DIRECAOCURSO VALUES('43','07-01-2016','9562','120','88');
INSERT INTO DIRECAOCURSO VALUES('44','07-01-2020','9562','121','66');
