INSERT INTO ALUNO VALUES('202000415','João Fonseca','256117854','Rua São Silvestre 51','31-07-2002');
INSERT INTO ALUNO VALUES('202004159','André Vieira','251153436','Rua Padre Cid 123','05-11-2002');
INSERT INTO ALUNO VALUES('202004229','Francisca Guimarães','259943070','Rua Rua Forno 144','11-01-2002');
INSERT INTO ALUNO VALUES('202004324','Pedro Oliveira','251160512','Rua Salvador Brandão 92','06-08-2002');
INSERT INTO ALUNO VALUES('202000125','Paulo Santos','247431877','Rua Cabral Antunes 47','12-08-2002');
INSERT INTO ALUNO VALUES('202009521','Joana Alves','251206037','Rua Direita-Igreja 100','28-08-2002');
INSERT INTO ALUNO VALUES('202004125','Luís Conceiçao','250517680','Rua Principal 92','13-04-2002');
INSERT INTO ALUNO VALUES('202003220','Henrique Souto','253723337','Rua Santa Bárbara 35','11-11-2002');
INSERT INTO ALUNO VALUES('202001123','Fábio Coelho','255335997','Rua Nossa Senhora Graça 108','15-07-2002');
INSERT INTO ALUNO VALUES('202002051','João Oliveira','259286850','Rua Patrão Caramelho 95','30-06-2002');
INSERT INTO ALUNO VALUES('202004421','Hugo Mesquita','252159721','Rua Capela 1025','24-10-2002');
INSERT INTO ALUNO VALUES('202008014','Rafael Santos','255082126','Rua Camões 44 ','12-10-2002');
INSERT INTO ALUNO VALUES('202002019','Leandro Melo','257697624','Rua Sardinha 100','23-04-2002');
INSERT INTO ALUNO VALUES('202004130','Joao Picarote','257334149','Rua Doutor Manuel Faria 127','25-04-2002');
INSERT INTO ALUNO VALUES('202003210','Tiago Marques','259014400','Avenida Júlio Saúl Dias 50','31-01-2002');
INSERT INTO ALUNO VALUES('202005621','Ana Silva','299972747','Rua São Domingos 1023','05-02-2002');
INSERT INTO ALUNO VALUES('202008987','André Corte-Real','283640162','Rua Viscondessa Andaluz 47','21-01-2002');
INSERT INTO ALUNO VALUES('202004365','Nuno Pessoa','226832813','Rua Velhas 81','12-05-2002');
INSERT INTO ALUNO VALUES('201905623','Pedro Pereira','274567938','Rua Doutor Paulo Quintela 100','19-02-2001'); 
INSERT INTO ALUNO VALUES('202004528','Jacinto Oliveira','256725684','Rua Travessa Moura Sá 51','11-03-2002');
INSERT INTO ALUNO VALUES('202007850','Joana Pereira','251107912','Rua Almeida Garrett 31','16-05-2002');
INSERT INTO ALUNO VALUES('202001000','alunoexemplonr0','251206033','moradaexemplonr0','21-4-2001');
INSERT INTO ALUNO VALUES('202001001','alunoexemplonr1','251206057','moradaexemplonr1','20-11-2002');
INSERT INTO ALUNO VALUES('202001002','alunoexemplonr2','251206081','moradaexemplonr2','15-3-2002');
INSERT INTO ALUNO VALUES('202001003','alunoexemplonr3','251206105','moradaexemplonr3','27-12-2001');
INSERT INTO ALUNO VALUES('202001004','alunoexemplonr4','251206129','moradaexemplonr4','3-11-2001');
INSERT INTO ALUNO VALUES('202001005','alunoexemplonr5','251206153','moradaexemplonr5','22-5-2000');
INSERT INTO ALUNO VALUES('202001006','alunoexemplonr6','251206177','moradaexemplonr6','23-8-2000');
INSERT INTO ALUNO VALUES('202001007','alunoexemplonr7','251206201','moradaexemplonr7','6-7-2002');
INSERT INTO ALUNO VALUES('202001008','alunoexemplonr8','251206225','moradaexemplonr8','22-8-2002');
INSERT INTO ALUNO VALUES('202001009','alunoexemplonr9','251206249','moradaexemplonr9','21-6-2000');
INSERT INTO ALUNO VALUES('202001010','alunoexemplonr10','251206273','moradaexemplonr10','26-12-2001');
INSERT INTO ALUNO VALUES('202001011','alunoexemplonr11','251206297','moradaexemplonr11','26-3-2001');
INSERT INTO ALUNO VALUES('202001012','alunoexemplonr12','251206321','moradaexemplonr12','15-10-2001');
INSERT INTO ALUNO VALUES('202001013','alunoexemplonr13','251206345','moradaexemplonr13','9-6-2002');
INSERT INTO ALUNO VALUES('202001014','alunoexemplonr14','251206369','moradaexemplonr14','18-2-2002');
INSERT INTO ALUNO VALUES('202001015','alunoexemplonr15','251206393','moradaexemplonr15','11-8-2002');
INSERT INTO ALUNO VALUES('202001016','alunoexemplonr16','251206417','moradaexemplonr16','2-9-2000');
INSERT INTO ALUNO VALUES('202001017','alunoexemplonr17','251206441','moradaexemplonr17','2-4-2000');
INSERT INTO ALUNO VALUES('202001018','alunoexemplonr18','251206465','moradaexemplonr18','16-1-2001');
INSERT INTO ALUNO VALUES('202001019','alunoexemplonr19','251206489','moradaexemplonr19','25-10-2002');
INSERT INTO ALUNO VALUES('202001020','alunoexemplonr20','251206513','moradaexemplonr20','6-9-2002');
INSERT INTO ALUNO VALUES('202001021','alunoexemplonr21','251206537','moradaexemplonr21','25-11-2000');
INSERT INTO ALUNO VALUES('202001022','alunoexemplonr22','251206561','moradaexemplonr22','16-9-2000');
INSERT INTO ALUNO VALUES('202001023','alunoexemplonr23','251206585','moradaexemplonr23','8-5-2001');
INSERT INTO ALUNO VALUES('202001024','alunoexemplonr24','251206609','moradaexemplonr24','8-11-2000');
INSERT INTO ALUNO VALUES('202001025','alunoexemplonr25','251206633','moradaexemplonr25','13-2-2001');
INSERT INTO ALUNO VALUES('202001026','alunoexemplonr26','251206657','moradaexemplonr26','11-10-2001');
INSERT INTO ALUNO VALUES('202001027','alunoexemplonr27','251206681','moradaexemplonr27','5-6-2001');
INSERT INTO ALUNO VALUES('202001028','alunoexemplonr28','251206705','moradaexemplonr28','26-9-2002');
INSERT INTO ALUNO VALUES('202001029','alunoexemplonr29','251206729','moradaexemplonr29','8-9-2002');
INSERT INTO ALUNO VALUES('202001030','alunoexemplonr30','251206753','moradaexemplonr30','6-3-2001');
INSERT INTO ALUNO VALUES('202001031','alunoexemplonr31','251206777','moradaexemplonr31','13-1-2002');
INSERT INTO ALUNO VALUES('202001032','alunoexemplonr32','251206801','moradaexemplonr32','12-7-2001');
INSERT INTO ALUNO VALUES('202001033','alunoexemplonr33','251206825','moradaexemplonr33','5-12-2000');
INSERT INTO ALUNO VALUES('202001034','alunoexemplonr34','251206849','moradaexemplonr34','6-9-2000');
INSERT INTO ALUNO VALUES('202001035','alunoexemplonr35','251206873','moradaexemplonr35','3-1-2002');
INSERT INTO ALUNO VALUES('202001036','alunoexemplonr36','251206897','moradaexemplonr36','29-6-2002');
INSERT INTO ALUNO VALUES('202001037','alunoexemplonr37','251206921','moradaexemplonr37','23-4-2001');
INSERT INTO ALUNO VALUES('202001038','alunoexemplonr38','251206945','moradaexemplonr38','29-1-2002');
INSERT INTO ALUNO VALUES('202001039','alunoexemplonr39','251206969','moradaexemplonr39','18-7-2000');
INSERT INTO ALUNO VALUES('202001040','alunoexemplonr40','251206993','moradaexemplonr40','4-11-2000');
INSERT INTO ALUNO VALUES('202001041','alunoexemplonr41','251207017','moradaexemplonr41','27-12-2000');
INSERT INTO ALUNO VALUES('202001042','alunoexemplonr42','251207041','moradaexemplonr42','16-1-2001');
INSERT INTO ALUNO VALUES('202001043','alunoexemplonr43','251207065','moradaexemplonr43','9-11-2000');
INSERT INTO ALUNO VALUES('202001044','alunoexemplonr44','251207089','moradaexemplonr44','1-6-2001');
INSERT INTO ALUNO VALUES('202001045','alunoexemplonr45','251207113','moradaexemplonr45','4-3-2001');
INSERT INTO ALUNO VALUES('202001046','alunoexemplonr46','251207137','moradaexemplonr46','20-8-2002');
INSERT INTO ALUNO VALUES('202001047','alunoexemplonr47','251207161','moradaexemplonr47','20-9-2000');
INSERT INTO ALUNO VALUES('202001048','alunoexemplonr48','251207185','moradaexemplonr48','5-3-2000');
INSERT INTO ALUNO VALUES('202001049','alunoexemplonr49','251207209','moradaexemplonr49','17-2-2002');
INSERT INTO ALUNO VALUES('202001050','alunoexemplonr50','251207233','moradaexemplonr50','12-5-2001');
INSERT INTO ALUNO VALUES('202001051','alunoexemplonr51','251207257','moradaexemplonr51','16-11-2002');
INSERT INTO ALUNO VALUES('202001052','alunoexemplonr52','251207281','moradaexemplonr52','12-12-2001');
INSERT INTO ALUNO VALUES('202001053','alunoexemplonr53','251207305','moradaexemplonr53','4-10-2002');
INSERT INTO ALUNO VALUES('202001054','alunoexemplonr54','251207329','moradaexemplonr54','10-11-2001');
INSERT INTO ALUNO VALUES('202001055','alunoexemplonr55','251207353','moradaexemplonr55','20-1-2000');
INSERT INTO ALUNO VALUES('202001056','alunoexemplonr56','251207377','moradaexemplonr56','16-1-2001');
INSERT INTO ALUNO VALUES('202001057','alunoexemplonr57','251207401','moradaexemplonr57','29-9-2002');
INSERT INTO ALUNO VALUES('202001058','alunoexemplonr58','251207425','moradaexemplonr58','3-9-2000');
INSERT INTO ALUNO VALUES('202001059','alunoexemplonr59','251207449','moradaexemplonr59','13-1-2000');
INSERT INTO ALUNO VALUES('202001060','alunoexemplonr60','251207473','moradaexemplonr60','21-9-2002');
INSERT INTO ALUNO VALUES('202001061','alunoexemplonr61','251207497','moradaexemplonr61','19-3-2001');
INSERT INTO ALUNO VALUES('202001062','alunoexemplonr62','251207521','moradaexemplonr62','25-1-2002');
INSERT INTO ALUNO VALUES('202001063','alunoexemplonr63','251207545','moradaexemplonr63','17-5-2000');
INSERT INTO ALUNO VALUES('202001064','alunoexemplonr64','251207569','moradaexemplonr64','10-7-2002');
INSERT INTO ALUNO VALUES('202001065','alunoexemplonr65','251207593','moradaexemplonr65','13-10-2000');
INSERT INTO ALUNO VALUES('202001066','alunoexemplonr66','251207617','moradaexemplonr66','28-6-2002');
INSERT INTO ALUNO VALUES('202001067','alunoexemplonr67','251207641','moradaexemplonr67','11-5-2001');
INSERT INTO ALUNO VALUES('202001068','alunoexemplonr68','251207665','moradaexemplonr68','29-4-2000');
INSERT INTO ALUNO VALUES('202001069','alunoexemplonr69','251207689','moradaexemplonr69','26-6-2000');
INSERT INTO ALUNO VALUES('202001070','alunoexemplonr70','251207713','moradaexemplonr70','9-4-2000');
INSERT INTO ALUNO VALUES('202001071','alunoexemplonr71','251207737','moradaexemplonr71','15-11-2001');
INSERT INTO ALUNO VALUES('202001072','alunoexemplonr72','251207761','moradaexemplonr72','25-12-2001');
INSERT INTO ALUNO VALUES('202001073','alunoexemplonr73','251207785','moradaexemplonr73','8-8-2002');
INSERT INTO ALUNO VALUES('202001074','alunoexemplonr74','251207809','moradaexemplonr74','14-6-2000');
INSERT INTO ALUNO VALUES('202001075','alunoexemplonr75','251207833','moradaexemplonr75','7-2-2002');
INSERT INTO ALUNO VALUES('202001076','alunoexemplonr76','251207857','moradaexemplonr76','25-9-2000');
INSERT INTO ALUNO VALUES('202001077','alunoexemplonr77','251207881','moradaexemplonr77','16-1-2002');
INSERT INTO ALUNO VALUES('202001078','alunoexemplonr78','251207905','moradaexemplonr78','2-4-2000');
INSERT INTO ALUNO VALUES('202001079','alunoexemplonr79','251207929','moradaexemplonr79','18-9-2002');
INSERT INTO ALUNO VALUES('202001080','alunoexemplonr80','251207953','moradaexemplonr80','10-1-2001');
INSERT INTO ALUNO VALUES('202001081','alunoexemplonr81','251207977','moradaexemplonr81','21-4-2001');
INSERT INTO ALUNO VALUES('202001082','alunoexemplonr82','251208001','moradaexemplonr82','8-1-2001');
INSERT INTO ALUNO VALUES('202001083','alunoexemplonr83','251208025','moradaexemplonr83','25-1-2000');
INSERT INTO ALUNO VALUES('202001084','alunoexemplonr84','251208049','moradaexemplonr84','9-7-2000');
INSERT INTO ALUNO VALUES('202001085','alunoexemplonr85','251208073','moradaexemplonr85','14-10-2000');
INSERT INTO ALUNO VALUES('202001086','alunoexemplonr86','251208097','moradaexemplonr86','6-12-2002');
INSERT INTO ALUNO VALUES('202001087','alunoexemplonr87','251208121','moradaexemplonr87','5-8-2002');
INSERT INTO ALUNO VALUES('202001088','alunoexemplonr88','251208145','moradaexemplonr88','17-3-2000');
INSERT INTO ALUNO VALUES('202001089','alunoexemplonr89','251208169','moradaexemplonr89','8-1-2002');
INSERT INTO ALUNO VALUES('202001090','alunoexemplonr90','251208193','moradaexemplonr90','19-8-2002');
INSERT INTO ALUNO VALUES('202001091','alunoexemplonr91','251208217','moradaexemplonr91','7-3-2000');
INSERT INTO ALUNO VALUES('202001092','alunoexemplonr92','251208241','moradaexemplonr92','1-10-2001');
INSERT INTO ALUNO VALUES('202001093','alunoexemplonr93','251208265','moradaexemplonr93','5-9-2002');
INSERT INTO ALUNO VALUES('202001094','alunoexemplonr94','251208289','moradaexemplonr94','5-3-2001');
INSERT INTO ALUNO VALUES('202001095','alunoexemplonr95','251208313','moradaexemplonr95','21-4-2000');
INSERT INTO ALUNO VALUES('202001096','alunoexemplonr96','251208337','moradaexemplonr96','10-3-2000');
INSERT INTO ALUNO VALUES('202001097','alunoexemplonr97','251208361','moradaexemplonr97','23-11-2001');
INSERT INTO ALUNO VALUES('202001098','alunoexemplonr98','251208385','moradaexemplonr98','26-4-2001');
INSERT INTO ALUNO VALUES('202001099','alunoexemplonr99','251208409','moradaexemplonr99','10-6-2001');



INSERT INTO DEPARTAMENTO VALUES('DEC','Departamento de Engenharia Civil');
INSERT INTO DEPARTAMENTO VALUES('DEM','Departamento de Engenharia de Minas');
INSERT INTO DEPARTAMENTO VALUES('DEMec','Departamento de Engenharia Mecânica');
INSERT INTO DEPARTAMENTO VALUES('DEGI','Departamento de Engenharia e Gestão Industrial');
INSERT INTO DEPARTAMENTO VALUES('DEEC','Departamento de Engenharia Eletrotécnica e de Computadores');
INSERT INTO DEPARTAMENTO VALUES('DEF','Departamento de Engenharia Fisica');
INSERT INTO DEPARTAMENTO VALUES('DEI','Departamento de Engenharia Informática');
INSERT INTO DEPARTAMENTO VALUES('DEMM','Departamento de Engenharia Metalurgica e dos Materiais');
INSERT INTO DEPARTAMENTO VALUES('DEQ','Departamento de Engenharia Quimica');



INSERT INTO CURSO VALUES('9552','Mestrado em Bioengenharia','DEQ');
INSERT INTO CURSO VALUES('9553','Mestrado em Engenharia Civil','DEC');
INSERT INTO CURSO VALUES('9554','Mestrado em Engenharia de Minas','DEM');
INSERT INTO CURSO VALUES('9555','Mestrado em Departamento de Engenharia Mecânica','DEMec');
INSERT INTO CURSO VALUES('9556','Mestrado em Engenharia e Gestão Industrial','DEGI');
INSERT INTO CURSO VALUES('9557','Mestrado em Engenharia Eletrotécnica e de Computadores','DEEC');
INSERT INTO CURSO VALUES('9558','Mestrado em Engenharia Fisica','DEF');
INSERT INTO CURSO VALUES('9559','Mestrado em Estruturas de Engenharia Civil','DEC');
INSERT INTO CURSO VALUES('9560','Mestrado em Engenharia Informática e Computacao','DEI');
INSERT INTO CURSO VALUES('9561','Mestrado em Engenharia de Software','DEI');
INSERT INTO CURSO VALUES('9562','Mestrado em Engenharia Quimica','DEQ');

INSERT INTO CURSO VALUES('9541','Licenciatura em Bioengenharia','DEQ');
INSERT INTO CURSO VALUES('9542','Licenciatura em Engenharia Civil','DEC');
INSERT INTO CURSO VALUES('9543','Licenciatura em Engenharia de Minas','DEM');
INSERT INTO CURSO VALUES('9544','Licenciatura em Departamento de Engenharia Mecânica','DEMec');
INSERT INTO CURSO VALUES('9545','Licenciatura em Engenharia e Gestão Industrial','DEGI');
INSERT INTO CURSO VALUES('9546','Licenciatura em Engenharia Eletrotécnica e de Computadores','DEEC');
INSERT INTO CURSO VALUES('9547','Licenciatura em Engenharia Fisica','DEF');
INSERT INTO CURSO VALUES('9548','Licenciatura em Engenharia do Ambiente','DEQ');
INSERT INTO CURSO VALUES('9549','Licenciatura em Engenharia Informática e Computacao','DEI');
INSERT INTO CURSO VALUES('9550','Licenciatura em Engenharia de Materiais','DEMM');
INSERT INTO CURSO VALUES('9551','Licenciatura em Engenharia Quimica','DEQ');



INSERT INTO UC VALUES('M.EEC01','Projeto de Software', '6', 'Desenvolvimento de apps de Software', '9557');
INSERT INTO UC VALUES('M.EEC02','Comunicações Industriais', '6', 'Tecnologias de redes industriais: redes de campo', '9557');
INSERT INTO UC VALUES('M.EEC03','Sistemas de Controlo', '6', 'Análise e Projecto de Sistemas Dinâmicos de Controlo Lineares em Tempo Discreto', '9557');
INSERT INTO UC VALUES('L.EEC01','Análise Matemática 1', '6', 'Integrais', '9546');
INSERT INTO UC VALUES('M.EIC01','Aprendizagem Computacional','6','Aprendizagem Computacional','9560');
INSERT INTO UC VALUES('L.EIC013','FisicaII','4.5','Eletromagnetismo','9549');
INSERT INTO UC VALUES('L.EIC010','Teoria da Computação','6','Teoria dos Autómatos','9549');
INSERT INTO UC VALUES('L.EIC006','Arquitetura de Computadores','6','Evolução sucinta dos computadores','9549');
INSERT INTO UC VALUES('L.EIC012','Bases de Dados','6','Bases de Dados','9549');
INSERT INTO UC VALUES('L.EIC008','FisicaI','6','Mecânica','9549');
INSERT INTO UC VALUES('L.EIC014','Laboratório de Desenho e Teste de Software','6','Programaçao em Java','9549');
INSERT INTO UC VALUES('L.EIC009','Programação','6','Programaçao em c++','9549');
INSERT INTO UC VALUES('L.EIC016','Desenho de algoritmos','6','Conceção de algoritmos','9549');
INSERT INTO UC VALUES('L.EIC017','Engenharia de software','6','Engenharia de Software','9549');
INSERT INTO UC VALUES('L.EIC018','Laboratorio de Computadores','6','Programaçao em linguagem C','9549');
INSERT INTO UC VALUES('L.EIC019','Linguagens e Tecnologias Web','6','HTML 5 ,CSS 3 e alinguagem PHP','9549');



INSERT INTO ALUNOUC VALUES('202004159','L.EIC013');
INSERT INTO ALUNOUC VALUES('202000415','L.EIC013');
INSERT INTO ALUNOUC VALUES('202004229','L.EIC013');       
INSERT INTO ALUNOUC VALUES('202004324','L.EIC013');
INSERT INTO ALUNOUC VALUES('202000125','L.EIC013');
INSERT INTO ALUNOUC VALUES('202004125','L.EIC013');
INSERT INTO ALUNOUC VALUES('202009521','L.EIC013');
INSERT INTO ALUNOUC VALUES('202003220','L.EIC013');
INSERT INTO ALUNOUC VALUES('202001123','L.EIC013');
INSERT INTO ALUNOUC VALUES('202002051','L.EIC013');
INSERT INTO ALUNOUC VALUES('202004421','L.EIC013');
INSERT INTO ALUNOUC VALUES('202008014','L.EIC013');
INSERT INTO ALUNOUC VALUES('202002019','L.EIC013');
INSERT INTO ALUNOUC VALUES('202004130','L.EIC013');
INSERT INTO ALUNOUC VALUES('202003210','L.EIC013');
INSERT INTO ALUNOUC VALUES('202005621','L.EIC013');
INSERT INTO ALUNOUC VALUES('202008987','L.EIC013');
INSERT INTO ALUNOUC VALUES('202004365','L.EIC013');
INSERT INTO ALUNOUC VALUES('202007850','L.EIC013');
INSERT INTO ALUNOUC VALUES('201905623','L.EIC013');
INSERT INTO ALUNOUC VALUES('202004528','L.EIC013');
INSERT INTO ALUNOUC VALUES('202004159','L.EIC012');
INSERT INTO ALUNOUC VALUES('202000415','L.EIC012');
INSERT INTO ALUNOUC VALUES('202004229','L.EIC012');
INSERT INTO ALUNOUC VALUES('202004324','L.EIC012');
INSERT INTO ALUNOUC VALUES('202000125','L.EIC012');
INSERT INTO ALUNOUC VALUES('202004125','L.EIC012');
INSERT INTO ALUNOUC VALUES('202009521','L.EIC012');
INSERT INTO ALUNOUC VALUES('202003220','L.EIC012');
INSERT INTO ALUNOUC VALUES('202001123','L.EIC012');
INSERT INTO ALUNOUC VALUES('202002051','L.EIC012');
INSERT INTO ALUNOUC VALUES('202004421','L.EIC012');
INSERT INTO ALUNOUC VALUES('202008014','L.EIC012');
INSERT INTO ALUNOUC VALUES('202002019','L.EIC012');
INSERT INTO ALUNOUC VALUES('202004130','L.EIC012');
INSERT INTO ALUNOUC VALUES('202003210','L.EIC012');
INSERT INTO ALUNOUC VALUES('202005621','L.EIC012');
INSERT INTO ALUNOUC VALUES('202008987','L.EIC012');
INSERT INTO ALUNOUC VALUES('202004365','L.EIC012');
INSERT INTO ALUNOUC VALUES('202007850','L.EIC012');
INSERT INTO ALUNOUC VALUES('201905623','L.EIC012');
INSERT INTO ALUNOUC VALUES('202004528','L.EIC012');
INSERT INTO ALUNOUC VALUES('202004159','L.EIC006');
INSERT INTO ALUNOUC VALUES('202000415','L.EIC006');
INSERT INTO ALUNOUC VALUES('202004229','L.EIC006');
INSERT INTO ALUNOUC VALUES('202004159','L.EIC010');
INSERT INTO ALUNOUC VALUES('202000415','L.EIC010');
INSERT INTO ALUNOUC VALUES('202004229','L.EIC010');
INSERT INTO ALUNOUC VALUES('202004324','L.EIC010');
INSERT INTO ALUNOUC VALUES('202000125','L.EIC010');
INSERT INTO ALUNOUC VALUES('202004125','L.EIC010');
INSERT INTO ALUNOUC VALUES('202009521','L.EIC010');
INSERT INTO ALUNOUC VALUES('202003220','L.EIC010');
INSERT INTO ALUNOUC VALUES('202001123','L.EIC010');
INSERT INTO ALUNOUC VALUES('202001000','L.EIC013');
INSERT INTO ALUNOUC VALUES('202001000','L.EIC010');
INSERT INTO ALUNOUC VALUES('202001000','L.EIC006');
INSERT INTO ALUNOUC VALUES('202001000','L.EIC012');
INSERT INTO ALUNOUC VALUES('202001000','L.EIC008');
INSERT INTO ALUNOUC VALUES('202001000','L.EIC014');
INSERT INTO ALUNOUC VALUES('202001000','L.EIC009');
INSERT INTO ALUNOUC VALUES('202001000','L.EIC016');
INSERT INTO ALUNOUC VALUES('202001000','L.EIC017');
INSERT INTO ALUNOUC VALUES('202001000','L.EIC018');
INSERT INTO ALUNOUC VALUES('202001000','L.EIC019');
INSERT INTO ALUNOUC VALUES('202001001','L.EIC013');
INSERT INTO ALUNOUC VALUES('202001001','L.EIC010');
INSERT INTO ALUNOUC VALUES('202001001','L.EIC006');
INSERT INTO ALUNOUC VALUES('202001001','L.EIC012');
INSERT INTO ALUNOUC VALUES('202001001','L.EIC008');
INSERT INTO ALUNOUC VALUES('202001001','L.EIC014');
INSERT INTO ALUNOUC VALUES('202001001','L.EIC009');
INSERT INTO ALUNOUC VALUES('202001001','L.EIC016');
INSERT INTO ALUNOUC VALUES('202001001','L.EIC017');
INSERT INTO ALUNOUC VALUES('202001001','L.EIC018');
INSERT INTO ALUNOUC VALUES('202001001','L.EIC019');
INSERT INTO ALUNOUC VALUES('202001002','L.EIC013');
INSERT INTO ALUNOUC VALUES('202001002','L.EIC010');
INSERT INTO ALUNOUC VALUES('202001002','L.EIC006');
INSERT INTO ALUNOUC VALUES('202001002','L.EIC012');
INSERT INTO ALUNOUC VALUES('202001002','L.EIC008');
INSERT INTO ALUNOUC VALUES('202001002','L.EIC014');
INSERT INTO ALUNOUC VALUES('202001002','L.EIC009');
INSERT INTO ALUNOUC VALUES('202001002','L.EIC016');
INSERT INTO ALUNOUC VALUES('202001002','L.EIC017');
INSERT INTO ALUNOUC VALUES('202001002','L.EIC018');
INSERT INTO ALUNOUC VALUES('202001002','L.EIC019');
INSERT INTO ALUNOUC VALUES('202001003','L.EIC013');
INSERT INTO ALUNOUC VALUES('202001003','L.EIC010');
INSERT INTO ALUNOUC VALUES('202001003','L.EIC006');
INSERT INTO ALUNOUC VALUES('202001003','L.EIC012');
INSERT INTO ALUNOUC VALUES('202001003','L.EIC008');
INSERT INTO ALUNOUC VALUES('202001003','L.EIC014');
INSERT INTO ALUNOUC VALUES('202001003','L.EIC009');
INSERT INTO ALUNOUC VALUES('202001003','L.EIC016');
INSERT INTO ALUNOUC VALUES('202001003','L.EIC017');
INSERT INTO ALUNOUC VALUES('202001003','L.EIC018');
INSERT INTO ALUNOUC VALUES('202001003','L.EIC019');
INSERT INTO ALUNOUC VALUES('202001004','L.EIC013');
INSERT INTO ALUNOUC VALUES('202001004','L.EIC010');
INSERT INTO ALUNOUC VALUES('202001004','L.EIC006');
INSERT INTO ALUNOUC VALUES('202001004','L.EIC012');
INSERT INTO ALUNOUC VALUES('202001004','L.EIC008');
INSERT INTO ALUNOUC VALUES('202001004','L.EIC014');
INSERT INTO ALUNOUC VALUES('202001004','L.EIC009');
INSERT INTO ALUNOUC VALUES('202001004','L.EIC016');
INSERT INTO ALUNOUC VALUES('202001004','L.EIC017');
INSERT INTO ALUNOUC VALUES('202001004','L.EIC018');
INSERT INTO ALUNOUC VALUES('202001004','L.EIC019');
INSERT INTO ALUNOUC VALUES('202001005','L.EIC013');
INSERT INTO ALUNOUC VALUES('202001005','L.EIC010');
INSERT INTO ALUNOUC VALUES('202001005','L.EIC006');
INSERT INTO ALUNOUC VALUES('202001005','L.EIC012');
INSERT INTO ALUNOUC VALUES('202001005','L.EIC008');
INSERT INTO ALUNOUC VALUES('202001005','L.EIC014');
INSERT INTO ALUNOUC VALUES('202001005','L.EIC009');
INSERT INTO ALUNOUC VALUES('202001005','L.EIC016');
INSERT INTO ALUNOUC VALUES('202001005','L.EIC017');
INSERT INTO ALUNOUC VALUES('202001005','L.EIC018');
INSERT INTO ALUNOUC VALUES('202001005','L.EIC019');
INSERT INTO ALUNOUC VALUES('202001006','L.EIC013');
INSERT INTO ALUNOUC VALUES('202001006','L.EIC010');
INSERT INTO ALUNOUC VALUES('202001006','L.EIC006');
INSERT INTO ALUNOUC VALUES('202001006','L.EIC012');
INSERT INTO ALUNOUC VALUES('202001006','L.EIC008');
INSERT INTO ALUNOUC VALUES('202001006','L.EIC014');
INSERT INTO ALUNOUC VALUES('202001006','L.EIC009');
INSERT INTO ALUNOUC VALUES('202001006','L.EIC016');
INSERT INTO ALUNOUC VALUES('202001006','L.EIC017');
INSERT INTO ALUNOUC VALUES('202001006','L.EIC018');
INSERT INTO ALUNOUC VALUES('202001006','L.EIC019');
INSERT INTO ALUNOUC VALUES('202001007','L.EIC013');
INSERT INTO ALUNOUC VALUES('202001007','L.EIC010');
INSERT INTO ALUNOUC VALUES('202001007','L.EIC006');
INSERT INTO ALUNOUC VALUES('202001007','L.EIC012');
INSERT INTO ALUNOUC VALUES('202001007','L.EIC008');
INSERT INTO ALUNOUC VALUES('202001007','L.EIC014');
INSERT INTO ALUNOUC VALUES('202001007','L.EIC009');
INSERT INTO ALUNOUC VALUES('202001007','L.EIC016');
INSERT INTO ALUNOUC VALUES('202001007','L.EIC017');
INSERT INTO ALUNOUC VALUES('202001007','L.EIC018');
INSERT INTO ALUNOUC VALUES('202001007','L.EIC019');
INSERT INTO ALUNOUC VALUES('202001008','L.EIC013');
INSERT INTO ALUNOUC VALUES('202001008','L.EIC010');
INSERT INTO ALUNOUC VALUES('202001008','L.EIC006');
INSERT INTO ALUNOUC VALUES('202001008','L.EIC012');
INSERT INTO ALUNOUC VALUES('202001008','L.EIC008');
INSERT INTO ALUNOUC VALUES('202001008','L.EIC014');
INSERT INTO ALUNOUC VALUES('202001008','L.EIC009');
INSERT INTO ALUNOUC VALUES('202001008','L.EIC016');
INSERT INTO ALUNOUC VALUES('202001008','L.EIC017');
INSERT INTO ALUNOUC VALUES('202001008','L.EIC018');
INSERT INTO ALUNOUC VALUES('202001008','L.EIC019');
INSERT INTO ALUNOUC VALUES('202001009','L.EIC013');
INSERT INTO ALUNOUC VALUES('202001009','L.EIC010');
INSERT INTO ALUNOUC VALUES('202001009','L.EIC006');
INSERT INTO ALUNOUC VALUES('202001009','L.EIC012');
INSERT INTO ALUNOUC VALUES('202001009','L.EIC008');
INSERT INTO ALUNOUC VALUES('202001009','L.EIC014');
INSERT INTO ALUNOUC VALUES('202001009','L.EIC009');
INSERT INTO ALUNOUC VALUES('202001009','L.EIC016');
INSERT INTO ALUNOUC VALUES('202001009','L.EIC017');
INSERT INTO ALUNOUC VALUES('202001009','L.EIC018');
INSERT INTO ALUNOUC VALUES('202001009','L.EIC019');
INSERT INTO ALUNOUC VALUES('202001010','L.EIC013');
INSERT INTO ALUNOUC VALUES('202001010','L.EIC010');
INSERT INTO ALUNOUC VALUES('202001010','L.EIC006');
INSERT INTO ALUNOUC VALUES('202001010','L.EIC012');
INSERT INTO ALUNOUC VALUES('202001010','L.EIC008');
INSERT INTO ALUNOUC VALUES('202001010','L.EIC014');
INSERT INTO ALUNOUC VALUES('202001010','L.EIC009');
INSERT INTO ALUNOUC VALUES('202001010','L.EIC016');
INSERT INTO ALUNOUC VALUES('202001010','L.EIC017');
INSERT INTO ALUNOUC VALUES('202001010','L.EIC018');
INSERT INTO ALUNOUC VALUES('202001010','L.EIC019');
INSERT INTO ALUNOUC VALUES('202001011','L.EIC013');
INSERT INTO ALUNOUC VALUES('202001011','L.EIC010');
INSERT INTO ALUNOUC VALUES('202001011','L.EIC006');
INSERT INTO ALUNOUC VALUES('202001011','L.EIC012');
INSERT INTO ALUNOUC VALUES('202001011','L.EIC008');
INSERT INTO ALUNOUC VALUES('202001011','L.EIC014');
INSERT INTO ALUNOUC VALUES('202001011','L.EIC009');
INSERT INTO ALUNOUC VALUES('202001011','L.EIC016');
INSERT INTO ALUNOUC VALUES('202001011','L.EIC017');
INSERT INTO ALUNOUC VALUES('202001011','L.EIC018');
INSERT INTO ALUNOUC VALUES('202001011','L.EIC019');
INSERT INTO ALUNOUC VALUES('202001012','L.EIC013');
INSERT INTO ALUNOUC VALUES('202001012','L.EIC010');
INSERT INTO ALUNOUC VALUES('202001012','L.EIC006');
INSERT INTO ALUNOUC VALUES('202001012','L.EIC012');
INSERT INTO ALUNOUC VALUES('202001012','L.EIC008');
INSERT INTO ALUNOUC VALUES('202001012','L.EIC014');
INSERT INTO ALUNOUC VALUES('202001012','L.EIC009');
INSERT INTO ALUNOUC VALUES('202001012','L.EIC016');
INSERT INTO ALUNOUC VALUES('202001012','L.EIC017');
INSERT INTO ALUNOUC VALUES('202001012','L.EIC018');
INSERT INTO ALUNOUC VALUES('202001012','L.EIC019');
INSERT INTO ALUNOUC VALUES('202001013','L.EIC013');
INSERT INTO ALUNOUC VALUES('202001013','L.EIC010');
INSERT INTO ALUNOUC VALUES('202001013','L.EIC006');
INSERT INTO ALUNOUC VALUES('202001013','L.EIC012');
INSERT INTO ALUNOUC VALUES('202001013','L.EIC008');
INSERT INTO ALUNOUC VALUES('202001013','L.EIC014');
INSERT INTO ALUNOUC VALUES('202001013','L.EIC009');
INSERT INTO ALUNOUC VALUES('202001013','L.EIC016');
INSERT INTO ALUNOUC VALUES('202001013','L.EIC017');
INSERT INTO ALUNOUC VALUES('202001013','L.EIC018');
INSERT INTO ALUNOUC VALUES('202001013','L.EIC019');
INSERT INTO ALUNOUC VALUES('202001014','L.EIC013');
INSERT INTO ALUNOUC VALUES('202001014','L.EIC010');
INSERT INTO ALUNOUC VALUES('202001014','L.EIC006');
INSERT INTO ALUNOUC VALUES('202001014','L.EIC012');
INSERT INTO ALUNOUC VALUES('202001014','L.EIC008');
INSERT INTO ALUNOUC VALUES('202001014','L.EIC014');
INSERT INTO ALUNOUC VALUES('202001014','L.EIC009');
INSERT INTO ALUNOUC VALUES('202001014','L.EIC016');
INSERT INTO ALUNOUC VALUES('202001014','L.EIC017');
INSERT INTO ALUNOUC VALUES('202001014','L.EIC018');
INSERT INTO ALUNOUC VALUES('202001014','L.EIC019');
INSERT INTO ALUNOUC VALUES('202001015','L.EIC013');
INSERT INTO ALUNOUC VALUES('202001015','L.EIC010');
INSERT INTO ALUNOUC VALUES('202001015','L.EIC006');
INSERT INTO ALUNOUC VALUES('202001015','L.EIC012');
INSERT INTO ALUNOUC VALUES('202001015','L.EIC008');
INSERT INTO ALUNOUC VALUES('202001015','L.EIC014');
INSERT INTO ALUNOUC VALUES('202001015','L.EIC009');
INSERT INTO ALUNOUC VALUES('202001015','L.EIC016');
INSERT INTO ALUNOUC VALUES('202001015','L.EIC017');
INSERT INTO ALUNOUC VALUES('202001015','L.EIC018');
INSERT INTO ALUNOUC VALUES('202001015','L.EIC019');
INSERT INTO ALUNOUC VALUES('202001016','L.EIC013');
INSERT INTO ALUNOUC VALUES('202001016','L.EIC010');
INSERT INTO ALUNOUC VALUES('202001016','L.EIC006');
INSERT INTO ALUNOUC VALUES('202001016','L.EIC012');
INSERT INTO ALUNOUC VALUES('202001016','L.EIC008');
INSERT INTO ALUNOUC VALUES('202001016','L.EIC014');
INSERT INTO ALUNOUC VALUES('202001016','L.EIC009');
INSERT INTO ALUNOUC VALUES('202001016','L.EIC016');
INSERT INTO ALUNOUC VALUES('202001016','L.EIC017');
INSERT INTO ALUNOUC VALUES('202001016','L.EIC018');
INSERT INTO ALUNOUC VALUES('202001016','L.EIC019');
INSERT INTO ALUNOUC VALUES('202001017','L.EIC013');
INSERT INTO ALUNOUC VALUES('202001017','L.EIC010');
INSERT INTO ALUNOUC VALUES('202001017','L.EIC006');
INSERT INTO ALUNOUC VALUES('202001017','L.EIC012');
INSERT INTO ALUNOUC VALUES('202001017','L.EIC008');
INSERT INTO ALUNOUC VALUES('202001017','L.EIC014');
INSERT INTO ALUNOUC VALUES('202001017','L.EIC009');
INSERT INTO ALUNOUC VALUES('202001017','L.EIC016');
INSERT INTO ALUNOUC VALUES('202001017','L.EIC017');
INSERT INTO ALUNOUC VALUES('202001017','L.EIC018');
INSERT INTO ALUNOUC VALUES('202001017','L.EIC019');
INSERT INTO ALUNOUC VALUES('202001018','L.EIC013');
INSERT INTO ALUNOUC VALUES('202001018','L.EIC010');
INSERT INTO ALUNOUC VALUES('202001018','L.EIC006');
INSERT INTO ALUNOUC VALUES('202001018','L.EIC012');
INSERT INTO ALUNOUC VALUES('202001018','L.EIC008');
INSERT INTO ALUNOUC VALUES('202001018','L.EIC014');
INSERT INTO ALUNOUC VALUES('202001018','L.EIC009');
INSERT INTO ALUNOUC VALUES('202001018','L.EIC016');
INSERT INTO ALUNOUC VALUES('202001018','L.EIC017');
INSERT INTO ALUNOUC VALUES('202001018','L.EIC018');
INSERT INTO ALUNOUC VALUES('202001018','L.EIC019');
INSERT INTO ALUNOUC VALUES('202001019','L.EIC013');
INSERT INTO ALUNOUC VALUES('202001019','L.EIC010');
INSERT INTO ALUNOUC VALUES('202001019','L.EIC006');
INSERT INTO ALUNOUC VALUES('202001019','L.EIC012');
INSERT INTO ALUNOUC VALUES('202001019','L.EIC008');
INSERT INTO ALUNOUC VALUES('202001019','L.EIC014');
INSERT INTO ALUNOUC VALUES('202001019','L.EIC009');
INSERT INTO ALUNOUC VALUES('202001019','L.EIC016');
INSERT INTO ALUNOUC VALUES('202001019','L.EIC017');
INSERT INTO ALUNOUC VALUES('202001019','L.EIC018');
INSERT INTO ALUNOUC VALUES('202001019','L.EIC019');
INSERT INTO ALUNOUC VALUES('202001020','L.EIC013');
INSERT INTO ALUNOUC VALUES('202001020','L.EIC010');
INSERT INTO ALUNOUC VALUES('202001020','L.EIC006');
INSERT INTO ALUNOUC VALUES('202001020','L.EIC012');
INSERT INTO ALUNOUC VALUES('202001020','L.EIC008');
INSERT INTO ALUNOUC VALUES('202001020','L.EIC014');
INSERT INTO ALUNOUC VALUES('202001020','L.EIC009');
INSERT INTO ALUNOUC VALUES('202001020','L.EIC016');
INSERT INTO ALUNOUC VALUES('202001020','L.EIC017');
INSERT INTO ALUNOUC VALUES('202001020','L.EIC018');
INSERT INTO ALUNOUC VALUES('202001020','L.EIC019');
INSERT INTO ALUNOUC VALUES('202001021','L.EIC013');
INSERT INTO ALUNOUC VALUES('202001021','L.EIC010');
INSERT INTO ALUNOUC VALUES('202001021','L.EIC006');
INSERT INTO ALUNOUC VALUES('202001021','L.EIC012');
INSERT INTO ALUNOUC VALUES('202001021','L.EIC008');
INSERT INTO ALUNOUC VALUES('202001021','L.EIC014');
INSERT INTO ALUNOUC VALUES('202001021','L.EIC009');
INSERT INTO ALUNOUC VALUES('202001021','L.EIC016');
INSERT INTO ALUNOUC VALUES('202001021','L.EIC017');
INSERT INTO ALUNOUC VALUES('202001021','L.EIC018');
INSERT INTO ALUNOUC VALUES('202001021','L.EIC019');
INSERT INTO ALUNOUC VALUES('202001022','L.EIC013');
INSERT INTO ALUNOUC VALUES('202001022','L.EIC010');
INSERT INTO ALUNOUC VALUES('202001022','L.EIC006');
INSERT INTO ALUNOUC VALUES('202001022','L.EIC012');
INSERT INTO ALUNOUC VALUES('202001022','L.EIC008');
INSERT INTO ALUNOUC VALUES('202001022','L.EIC014');
INSERT INTO ALUNOUC VALUES('202001022','L.EIC009');
INSERT INTO ALUNOUC VALUES('202001022','L.EIC016');
INSERT INTO ALUNOUC VALUES('202001022','L.EIC017');
INSERT INTO ALUNOUC VALUES('202001022','L.EIC018');
INSERT INTO ALUNOUC VALUES('202001022','L.EIC019');
INSERT INTO ALUNOUC VALUES('202001023','L.EIC013');
INSERT INTO ALUNOUC VALUES('202001023','L.EIC010');
INSERT INTO ALUNOUC VALUES('202001023','L.EIC006');
INSERT INTO ALUNOUC VALUES('202001023','L.EIC012');
INSERT INTO ALUNOUC VALUES('202001023','L.EIC008');
INSERT INTO ALUNOUC VALUES('202001023','L.EIC014');
INSERT INTO ALUNOUC VALUES('202001023','L.EIC009');
INSERT INTO ALUNOUC VALUES('202001023','L.EIC016');
INSERT INTO ALUNOUC VALUES('202001023','L.EIC017');
INSERT INTO ALUNOUC VALUES('202001023','L.EIC018');
INSERT INTO ALUNOUC VALUES('202001023','L.EIC019');
INSERT INTO ALUNOUC VALUES('202001024','L.EIC013');
INSERT INTO ALUNOUC VALUES('202001024','L.EIC010');
INSERT INTO ALUNOUC VALUES('202001024','L.EIC006');
INSERT INTO ALUNOUC VALUES('202001024','L.EIC012');
INSERT INTO ALUNOUC VALUES('202001024','L.EIC008');
INSERT INTO ALUNOUC VALUES('202001024','L.EIC014');
INSERT INTO ALUNOUC VALUES('202001024','L.EIC009');
INSERT INTO ALUNOUC VALUES('202001024','L.EIC016');
INSERT INTO ALUNOUC VALUES('202001024','L.EIC017');
INSERT INTO ALUNOUC VALUES('202001024','L.EIC018');
INSERT INTO ALUNOUC VALUES('202001024','L.EIC019');
INSERT INTO ALUNOUC VALUES('202001025','L.EIC013');
INSERT INTO ALUNOUC VALUES('202001025','L.EIC010');
INSERT INTO ALUNOUC VALUES('202001025','L.EIC006');
INSERT INTO ALUNOUC VALUES('202001025','L.EIC012');
INSERT INTO ALUNOUC VALUES('202001025','L.EIC008');
INSERT INTO ALUNOUC VALUES('202001025','L.EIC014');
INSERT INTO ALUNOUC VALUES('202001025','L.EIC009');
INSERT INTO ALUNOUC VALUES('202001025','L.EIC016');
INSERT INTO ALUNOUC VALUES('202001025','L.EIC017');
INSERT INTO ALUNOUC VALUES('202001025','L.EIC018');
INSERT INTO ALUNOUC VALUES('202001025','L.EIC019');
INSERT INTO ALUNOUC VALUES('202001026','L.EIC013');
INSERT INTO ALUNOUC VALUES('202001026','L.EIC010');
INSERT INTO ALUNOUC VALUES('202001026','L.EIC006');
INSERT INTO ALUNOUC VALUES('202001026','L.EIC012');
INSERT INTO ALUNOUC VALUES('202001026','L.EIC008');
INSERT INTO ALUNOUC VALUES('202001026','L.EIC014');
INSERT INTO ALUNOUC VALUES('202001026','L.EIC009');
INSERT INTO ALUNOUC VALUES('202001026','L.EIC016');
INSERT INTO ALUNOUC VALUES('202001026','L.EIC017');
INSERT INTO ALUNOUC VALUES('202001026','L.EIC018');
INSERT INTO ALUNOUC VALUES('202001026','L.EIC019');
INSERT INTO ALUNOUC VALUES('202001027','L.EIC013');
INSERT INTO ALUNOUC VALUES('202001027','L.EIC010');
INSERT INTO ALUNOUC VALUES('202001027','L.EIC006');
INSERT INTO ALUNOUC VALUES('202001027','L.EIC012');
INSERT INTO ALUNOUC VALUES('202001027','L.EIC008');
INSERT INTO ALUNOUC VALUES('202001027','L.EIC014');
INSERT INTO ALUNOUC VALUES('202001027','L.EIC009');
INSERT INTO ALUNOUC VALUES('202001027','L.EIC016');
INSERT INTO ALUNOUC VALUES('202001027','L.EIC017');
INSERT INTO ALUNOUC VALUES('202001027','L.EIC018');
INSERT INTO ALUNOUC VALUES('202001027','L.EIC019');
INSERT INTO ALUNOUC VALUES('202001028','L.EIC013');
INSERT INTO ALUNOUC VALUES('202001028','L.EIC010');
INSERT INTO ALUNOUC VALUES('202001028','L.EIC006');
INSERT INTO ALUNOUC VALUES('202001028','L.EIC012');
INSERT INTO ALUNOUC VALUES('202001028','L.EIC008');
INSERT INTO ALUNOUC VALUES('202001028','L.EIC014');
INSERT INTO ALUNOUC VALUES('202001028','L.EIC009');
INSERT INTO ALUNOUC VALUES('202001028','L.EIC016');
INSERT INTO ALUNOUC VALUES('202001028','L.EIC017');
INSERT INTO ALUNOUC VALUES('202001028','L.EIC018');
INSERT INTO ALUNOUC VALUES('202001028','L.EIC019');
INSERT INTO ALUNOUC VALUES('202001029','L.EIC013');
INSERT INTO ALUNOUC VALUES('202001029','L.EIC010');
INSERT INTO ALUNOUC VALUES('202001029','L.EIC006');
INSERT INTO ALUNOUC VALUES('202001029','L.EIC012');
INSERT INTO ALUNOUC VALUES('202001029','L.EIC008');
INSERT INTO ALUNOUC VALUES('202001029','L.EIC014');
INSERT INTO ALUNOUC VALUES('202001029','L.EIC009');
INSERT INTO ALUNOUC VALUES('202001029','L.EIC016');
INSERT INTO ALUNOUC VALUES('202001029','L.EIC017');
INSERT INTO ALUNOUC VALUES('202001029','L.EIC018');
INSERT INTO ALUNOUC VALUES('202001029','L.EIC019');
INSERT INTO ALUNOUC VALUES('202001030','L.EIC013');
INSERT INTO ALUNOUC VALUES('202001030','L.EIC010');
INSERT INTO ALUNOUC VALUES('202001030','L.EIC006');
INSERT INTO ALUNOUC VALUES('202001030','L.EIC012');
INSERT INTO ALUNOUC VALUES('202001030','L.EIC008');
INSERT INTO ALUNOUC VALUES('202001030','L.EIC014');
INSERT INTO ALUNOUC VALUES('202001030','L.EIC009');
INSERT INTO ALUNOUC VALUES('202001030','L.EIC016');
INSERT INTO ALUNOUC VALUES('202001030','L.EIC017');
INSERT INTO ALUNOUC VALUES('202001030','L.EIC018');
INSERT INTO ALUNOUC VALUES('202001030','L.EIC019');
INSERT INTO ALUNOUC VALUES('202001031','L.EIC013');
INSERT INTO ALUNOUC VALUES('202001031','L.EIC010');
INSERT INTO ALUNOUC VALUES('202001031','L.EIC006');
INSERT INTO ALUNOUC VALUES('202001031','L.EIC012');
INSERT INTO ALUNOUC VALUES('202001031','L.EIC008');
INSERT INTO ALUNOUC VALUES('202001031','L.EIC014');
INSERT INTO ALUNOUC VALUES('202001031','L.EIC009');
INSERT INTO ALUNOUC VALUES('202001031','L.EIC016');
INSERT INTO ALUNOUC VALUES('202001031','L.EIC017');
INSERT INTO ALUNOUC VALUES('202001031','L.EIC018');
INSERT INTO ALUNOUC VALUES('202001031','L.EIC019');
INSERT INTO ALUNOUC VALUES('202001032','L.EIC013');
INSERT INTO ALUNOUC VALUES('202001032','L.EIC010');
INSERT INTO ALUNOUC VALUES('202001032','L.EIC006');
INSERT INTO ALUNOUC VALUES('202001032','L.EIC012');
INSERT INTO ALUNOUC VALUES('202001032','L.EIC008');
INSERT INTO ALUNOUC VALUES('202001032','L.EIC014');
INSERT INTO ALUNOUC VALUES('202001032','L.EIC009');
INSERT INTO ALUNOUC VALUES('202001032','L.EIC016');
INSERT INTO ALUNOUC VALUES('202001032','L.EIC017');
INSERT INTO ALUNOUC VALUES('202001032','L.EIC018');
INSERT INTO ALUNOUC VALUES('202001032','L.EIC019');
INSERT INTO ALUNOUC VALUES('202001033','L.EIC013');
INSERT INTO ALUNOUC VALUES('202001033','L.EIC010');
INSERT INTO ALUNOUC VALUES('202001033','L.EIC006');
INSERT INTO ALUNOUC VALUES('202001033','L.EIC012');
INSERT INTO ALUNOUC VALUES('202001033','L.EIC008');
INSERT INTO ALUNOUC VALUES('202001033','L.EIC014');
INSERT INTO ALUNOUC VALUES('202001033','L.EIC009');
INSERT INTO ALUNOUC VALUES('202001033','L.EIC016');
INSERT INTO ALUNOUC VALUES('202001033','L.EIC017');
INSERT INTO ALUNOUC VALUES('202001033','L.EIC018');
INSERT INTO ALUNOUC VALUES('202001033','L.EIC019');
INSERT INTO ALUNOUC VALUES('202001034','L.EIC013');
INSERT INTO ALUNOUC VALUES('202001034','L.EIC010');
INSERT INTO ALUNOUC VALUES('202001034','L.EIC006');
INSERT INTO ALUNOUC VALUES('202001034','L.EIC012');
INSERT INTO ALUNOUC VALUES('202001034','L.EIC008');
INSERT INTO ALUNOUC VALUES('202001034','L.EIC014');
INSERT INTO ALUNOUC VALUES('202001034','L.EIC009');
INSERT INTO ALUNOUC VALUES('202001034','L.EIC016');
INSERT INTO ALUNOUC VALUES('202001034','L.EIC017');
INSERT INTO ALUNOUC VALUES('202001034','L.EIC018');
INSERT INTO ALUNOUC VALUES('202001034','L.EIC019');
INSERT INTO ALUNOUC VALUES('202001035','L.EIC013');
INSERT INTO ALUNOUC VALUES('202001035','L.EIC010');
INSERT INTO ALUNOUC VALUES('202001035','L.EIC006');
INSERT INTO ALUNOUC VALUES('202001035','L.EIC012');
INSERT INTO ALUNOUC VALUES('202001035','L.EIC008');
INSERT INTO ALUNOUC VALUES('202001035','L.EIC014');
INSERT INTO ALUNOUC VALUES('202001035','L.EIC009');
INSERT INTO ALUNOUC VALUES('202001035','L.EIC016');
INSERT INTO ALUNOUC VALUES('202001035','L.EIC017');
INSERT INTO ALUNOUC VALUES('202001035','L.EIC018');
INSERT INTO ALUNOUC VALUES('202001035','L.EIC019');
INSERT INTO ALUNOUC VALUES('202001036','L.EIC013');
INSERT INTO ALUNOUC VALUES('202001036','L.EIC010');
INSERT INTO ALUNOUC VALUES('202001036','L.EIC006');
INSERT INTO ALUNOUC VALUES('202001036','L.EIC012');
INSERT INTO ALUNOUC VALUES('202001036','L.EIC008');
INSERT INTO ALUNOUC VALUES('202001036','L.EIC014');
INSERT INTO ALUNOUC VALUES('202001036','L.EIC009');
INSERT INTO ALUNOUC VALUES('202001036','L.EIC016');
INSERT INTO ALUNOUC VALUES('202001036','L.EIC017');
INSERT INTO ALUNOUC VALUES('202001036','L.EIC018');
INSERT INTO ALUNOUC VALUES('202001036','L.EIC019');
INSERT INTO ALUNOUC VALUES('202001037','L.EIC013');
INSERT INTO ALUNOUC VALUES('202001037','L.EIC010');
INSERT INTO ALUNOUC VALUES('202001037','L.EIC006');
INSERT INTO ALUNOUC VALUES('202001037','L.EIC012');
INSERT INTO ALUNOUC VALUES('202001037','L.EIC008');
INSERT INTO ALUNOUC VALUES('202001037','L.EIC014');
INSERT INTO ALUNOUC VALUES('202001037','L.EIC009');
INSERT INTO ALUNOUC VALUES('202001037','L.EIC016');
INSERT INTO ALUNOUC VALUES('202001037','L.EIC017');
INSERT INTO ALUNOUC VALUES('202001037','L.EIC018');
INSERT INTO ALUNOUC VALUES('202001037','L.EIC019');
INSERT INTO ALUNOUC VALUES('202001038','L.EIC013');
INSERT INTO ALUNOUC VALUES('202001038','L.EIC010');
INSERT INTO ALUNOUC VALUES('202001038','L.EIC006');
INSERT INTO ALUNOUC VALUES('202001038','L.EIC012');
INSERT INTO ALUNOUC VALUES('202001038','L.EIC008');
INSERT INTO ALUNOUC VALUES('202001038','L.EIC014');
INSERT INTO ALUNOUC VALUES('202001038','L.EIC009');
INSERT INTO ALUNOUC VALUES('202001038','L.EIC016');
INSERT INTO ALUNOUC VALUES('202001038','L.EIC017');
INSERT INTO ALUNOUC VALUES('202001038','L.EIC018');
INSERT INTO ALUNOUC VALUES('202001038','L.EIC019');
INSERT INTO ALUNOUC VALUES('202001039','L.EIC013');
INSERT INTO ALUNOUC VALUES('202001039','L.EIC010');
INSERT INTO ALUNOUC VALUES('202001039','L.EIC006');
INSERT INTO ALUNOUC VALUES('202001039','L.EIC012');
INSERT INTO ALUNOUC VALUES('202001039','L.EIC008');
INSERT INTO ALUNOUC VALUES('202001039','L.EIC014');
INSERT INTO ALUNOUC VALUES('202001039','L.EIC009');
INSERT INTO ALUNOUC VALUES('202001039','L.EIC016');
INSERT INTO ALUNOUC VALUES('202001039','L.EIC017');
INSERT INTO ALUNOUC VALUES('202001039','L.EIC018');
INSERT INTO ALUNOUC VALUES('202001039','L.EIC019');
INSERT INTO ALUNOUC VALUES('202001040','L.EIC013');
INSERT INTO ALUNOUC VALUES('202001040','L.EIC010');
INSERT INTO ALUNOUC VALUES('202001040','L.EIC006');
INSERT INTO ALUNOUC VALUES('202001040','L.EIC012');
INSERT INTO ALUNOUC VALUES('202001040','L.EIC008');
INSERT INTO ALUNOUC VALUES('202001040','L.EIC014');
INSERT INTO ALUNOUC VALUES('202001040','L.EIC009');
INSERT INTO ALUNOUC VALUES('202001040','L.EIC016');
INSERT INTO ALUNOUC VALUES('202001040','L.EIC017');
INSERT INTO ALUNOUC VALUES('202001040','L.EIC018');
INSERT INTO ALUNOUC VALUES('202001040','L.EIC019');
INSERT INTO ALUNOUC VALUES('202001041','L.EIC013');
INSERT INTO ALUNOUC VALUES('202001041','L.EIC010');
INSERT INTO ALUNOUC VALUES('202001041','L.EIC006');
INSERT INTO ALUNOUC VALUES('202001041','L.EIC012');
INSERT INTO ALUNOUC VALUES('202001041','L.EIC008');
INSERT INTO ALUNOUC VALUES('202001041','L.EIC014');
INSERT INTO ALUNOUC VALUES('202001041','L.EIC009');
INSERT INTO ALUNOUC VALUES('202001041','L.EIC016');
INSERT INTO ALUNOUC VALUES('202001041','L.EIC017');
INSERT INTO ALUNOUC VALUES('202001041','L.EIC018');
INSERT INTO ALUNOUC VALUES('202001041','L.EIC019');
INSERT INTO ALUNOUC VALUES('202001042','L.EIC013');
INSERT INTO ALUNOUC VALUES('202001042','L.EIC010');
INSERT INTO ALUNOUC VALUES('202001042','L.EIC006');
INSERT INTO ALUNOUC VALUES('202001042','L.EIC012');
INSERT INTO ALUNOUC VALUES('202001042','L.EIC008');
INSERT INTO ALUNOUC VALUES('202001042','L.EIC014');
INSERT INTO ALUNOUC VALUES('202001042','L.EIC009');
INSERT INTO ALUNOUC VALUES('202001042','L.EIC016');
INSERT INTO ALUNOUC VALUES('202001042','L.EIC017');
INSERT INTO ALUNOUC VALUES('202001042','L.EIC018');
INSERT INTO ALUNOUC VALUES('202001042','L.EIC019');
INSERT INTO ALUNOUC VALUES('202001043','L.EIC013');
INSERT INTO ALUNOUC VALUES('202001043','L.EIC010');
INSERT INTO ALUNOUC VALUES('202001043','L.EIC006');
INSERT INTO ALUNOUC VALUES('202001043','L.EIC012');
INSERT INTO ALUNOUC VALUES('202001043','L.EIC008');
INSERT INTO ALUNOUC VALUES('202001043','L.EIC014');
INSERT INTO ALUNOUC VALUES('202001043','L.EIC009');
INSERT INTO ALUNOUC VALUES('202001043','L.EIC016');
INSERT INTO ALUNOUC VALUES('202001043','L.EIC017');
INSERT INTO ALUNOUC VALUES('202001043','L.EIC018');
INSERT INTO ALUNOUC VALUES('202001043','L.EIC019');
INSERT INTO ALUNOUC VALUES('202001044','L.EIC013');
INSERT INTO ALUNOUC VALUES('202001044','L.EIC010');
INSERT INTO ALUNOUC VALUES('202001044','L.EIC006');
INSERT INTO ALUNOUC VALUES('202001044','L.EIC012');
INSERT INTO ALUNOUC VALUES('202001044','L.EIC008');
INSERT INTO ALUNOUC VALUES('202001044','L.EIC014');
INSERT INTO ALUNOUC VALUES('202001044','L.EIC009');
INSERT INTO ALUNOUC VALUES('202001044','L.EIC016');
INSERT INTO ALUNOUC VALUES('202001044','L.EIC017');
INSERT INTO ALUNOUC VALUES('202001044','L.EIC018');
INSERT INTO ALUNOUC VALUES('202001044','L.EIC019');
INSERT INTO ALUNOUC VALUES('202001045','L.EIC013');
INSERT INTO ALUNOUC VALUES('202001045','L.EIC010');
INSERT INTO ALUNOUC VALUES('202001045','L.EIC006');
INSERT INTO ALUNOUC VALUES('202001045','L.EIC012');
INSERT INTO ALUNOUC VALUES('202001045','L.EIC008');
INSERT INTO ALUNOUC VALUES('202001045','L.EIC014');
INSERT INTO ALUNOUC VALUES('202001045','L.EIC009');
INSERT INTO ALUNOUC VALUES('202001045','L.EIC016');
INSERT INTO ALUNOUC VALUES('202001045','L.EIC017');
INSERT INTO ALUNOUC VALUES('202001045','L.EIC018');
INSERT INTO ALUNOUC VALUES('202001045','L.EIC019');
INSERT INTO ALUNOUC VALUES('202001046','L.EIC013');
INSERT INTO ALUNOUC VALUES('202001046','L.EIC010');
INSERT INTO ALUNOUC VALUES('202001046','L.EIC006');
INSERT INTO ALUNOUC VALUES('202001046','L.EIC012');
INSERT INTO ALUNOUC VALUES('202001046','L.EIC008');
INSERT INTO ALUNOUC VALUES('202001046','L.EIC014');
INSERT INTO ALUNOUC VALUES('202001046','L.EIC009');
INSERT INTO ALUNOUC VALUES('202001046','L.EIC016');
INSERT INTO ALUNOUC VALUES('202001046','L.EIC017');
INSERT INTO ALUNOUC VALUES('202001046','L.EIC018');
INSERT INTO ALUNOUC VALUES('202001046','L.EIC019');
INSERT INTO ALUNOUC VALUES('202001047','L.EIC013');
INSERT INTO ALUNOUC VALUES('202001047','L.EIC010');
INSERT INTO ALUNOUC VALUES('202001047','L.EIC006');
INSERT INTO ALUNOUC VALUES('202001047','L.EIC012');
INSERT INTO ALUNOUC VALUES('202001047','L.EIC008');
INSERT INTO ALUNOUC VALUES('202001047','L.EIC014');
INSERT INTO ALUNOUC VALUES('202001047','L.EIC009');
INSERT INTO ALUNOUC VALUES('202001047','L.EIC016');
INSERT INTO ALUNOUC VALUES('202001047','L.EIC017');
INSERT INTO ALUNOUC VALUES('202001047','L.EIC018');
INSERT INTO ALUNOUC VALUES('202001047','L.EIC019');
INSERT INTO ALUNOUC VALUES('202001048','L.EIC013');
INSERT INTO ALUNOUC VALUES('202001048','L.EIC010');
INSERT INTO ALUNOUC VALUES('202001048','L.EIC006');
INSERT INTO ALUNOUC VALUES('202001048','L.EIC012');
INSERT INTO ALUNOUC VALUES('202001048','L.EIC008');
INSERT INTO ALUNOUC VALUES('202001048','L.EIC014');
INSERT INTO ALUNOUC VALUES('202001048','L.EIC009');
INSERT INTO ALUNOUC VALUES('202001048','L.EIC016');
INSERT INTO ALUNOUC VALUES('202001048','L.EIC017');
INSERT INTO ALUNOUC VALUES('202001048','L.EIC018');
INSERT INTO ALUNOUC VALUES('202001048','L.EIC019');
INSERT INTO ALUNOUC VALUES('202001049','L.EIC013');
INSERT INTO ALUNOUC VALUES('202001049','L.EIC010');
INSERT INTO ALUNOUC VALUES('202001049','L.EIC006');
INSERT INTO ALUNOUC VALUES('202001049','L.EIC012');
INSERT INTO ALUNOUC VALUES('202001049','L.EIC008');
INSERT INTO ALUNOUC VALUES('202001049','L.EIC014');
INSERT INTO ALUNOUC VALUES('202001049','L.EIC009');
INSERT INTO ALUNOUC VALUES('202001049','L.EIC016');
INSERT INTO ALUNOUC VALUES('202001049','L.EIC017');
INSERT INTO ALUNOUC VALUES('202001049','L.EIC018');
INSERT INTO ALUNOUC VALUES('202001049','L.EIC019');
INSERT INTO ALUNOUC VALUES('202001050','L.EIC013');
INSERT INTO ALUNOUC VALUES('202001050','L.EIC010');
INSERT INTO ALUNOUC VALUES('202001050','L.EIC006');
INSERT INTO ALUNOUC VALUES('202001050','L.EIC012');
INSERT INTO ALUNOUC VALUES('202001050','L.EIC008');
INSERT INTO ALUNOUC VALUES('202001050','L.EIC014');
INSERT INTO ALUNOUC VALUES('202001050','L.EIC009');
INSERT INTO ALUNOUC VALUES('202001050','L.EIC016');
INSERT INTO ALUNOUC VALUES('202001050','L.EIC017');
INSERT INTO ALUNOUC VALUES('202001050','L.EIC018');
INSERT INTO ALUNOUC VALUES('202001050','L.EIC019');
INSERT INTO ALUNOUC VALUES('202001051','L.EIC013');
INSERT INTO ALUNOUC VALUES('202001051','L.EIC010');
INSERT INTO ALUNOUC VALUES('202001051','L.EIC006');
INSERT INTO ALUNOUC VALUES('202001051','L.EIC012');
INSERT INTO ALUNOUC VALUES('202001051','L.EIC008');
INSERT INTO ALUNOUC VALUES('202001051','L.EIC014');
INSERT INTO ALUNOUC VALUES('202001051','L.EIC009');
INSERT INTO ALUNOUC VALUES('202001051','L.EIC016');
INSERT INTO ALUNOUC VALUES('202001051','L.EIC017');
INSERT INTO ALUNOUC VALUES('202001051','L.EIC018');
INSERT INTO ALUNOUC VALUES('202001051','L.EIC019');
INSERT INTO ALUNOUC VALUES('202001052','L.EIC013');
INSERT INTO ALUNOUC VALUES('202001052','L.EIC010');
INSERT INTO ALUNOUC VALUES('202001052','L.EIC006');
INSERT INTO ALUNOUC VALUES('202001052','L.EIC012');
INSERT INTO ALUNOUC VALUES('202001052','L.EIC008');
INSERT INTO ALUNOUC VALUES('202001052','L.EIC014');
INSERT INTO ALUNOUC VALUES('202001052','L.EIC009');
INSERT INTO ALUNOUC VALUES('202001052','L.EIC016');
INSERT INTO ALUNOUC VALUES('202001052','L.EIC017');
INSERT INTO ALUNOUC VALUES('202001052','L.EIC018');
INSERT INTO ALUNOUC VALUES('202001052','L.EIC019');
INSERT INTO ALUNOUC VALUES('202001053','L.EIC013');
INSERT INTO ALUNOUC VALUES('202001053','L.EIC010');
INSERT INTO ALUNOUC VALUES('202001053','L.EIC006');
INSERT INTO ALUNOUC VALUES('202001053','L.EIC012');
INSERT INTO ALUNOUC VALUES('202001053','L.EIC008');
INSERT INTO ALUNOUC VALUES('202001053','L.EIC014');
INSERT INTO ALUNOUC VALUES('202001053','L.EIC009');
INSERT INTO ALUNOUC VALUES('202001053','L.EIC016');
INSERT INTO ALUNOUC VALUES('202001053','L.EIC017');
INSERT INTO ALUNOUC VALUES('202001053','L.EIC018');
INSERT INTO ALUNOUC VALUES('202001053','L.EIC019');
INSERT INTO ALUNOUC VALUES('202001054','L.EIC013');
INSERT INTO ALUNOUC VALUES('202001054','L.EIC010');
INSERT INTO ALUNOUC VALUES('202001054','L.EIC006');
INSERT INTO ALUNOUC VALUES('202001054','L.EIC012');
INSERT INTO ALUNOUC VALUES('202001054','L.EIC008');
INSERT INTO ALUNOUC VALUES('202001054','L.EIC014');
INSERT INTO ALUNOUC VALUES('202001054','L.EIC009');
INSERT INTO ALUNOUC VALUES('202001054','L.EIC016');
INSERT INTO ALUNOUC VALUES('202001054','L.EIC017');
INSERT INTO ALUNOUC VALUES('202001054','L.EIC018');
INSERT INTO ALUNOUC VALUES('202001054','L.EIC019');
INSERT INTO ALUNOUC VALUES('202001055','L.EIC013');
INSERT INTO ALUNOUC VALUES('202001055','L.EIC010');
INSERT INTO ALUNOUC VALUES('202001055','L.EIC006');
INSERT INTO ALUNOUC VALUES('202001055','L.EIC012');
INSERT INTO ALUNOUC VALUES('202001055','L.EIC008');
INSERT INTO ALUNOUC VALUES('202001055','L.EIC014');
INSERT INTO ALUNOUC VALUES('202001055','L.EIC009');
INSERT INTO ALUNOUC VALUES('202001055','L.EIC016');
INSERT INTO ALUNOUC VALUES('202001055','L.EIC017');
INSERT INTO ALUNOUC VALUES('202001055','L.EIC018');
INSERT INTO ALUNOUC VALUES('202001055','L.EIC019');
INSERT INTO ALUNOUC VALUES('202001056','L.EIC013');
INSERT INTO ALUNOUC VALUES('202001056','L.EIC010');
INSERT INTO ALUNOUC VALUES('202001056','L.EIC006');
INSERT INTO ALUNOUC VALUES('202001056','L.EIC012');
INSERT INTO ALUNOUC VALUES('202001056','L.EIC008');
INSERT INTO ALUNOUC VALUES('202001056','L.EIC014');
INSERT INTO ALUNOUC VALUES('202001056','L.EIC009');
INSERT INTO ALUNOUC VALUES('202001056','L.EIC016');
INSERT INTO ALUNOUC VALUES('202001056','L.EIC017');
INSERT INTO ALUNOUC VALUES('202001056','L.EIC018');
INSERT INTO ALUNOUC VALUES('202001056','L.EIC019');
INSERT INTO ALUNOUC VALUES('202001057','L.EIC013');
INSERT INTO ALUNOUC VALUES('202001057','L.EIC010');
INSERT INTO ALUNOUC VALUES('202001057','L.EIC006');
INSERT INTO ALUNOUC VALUES('202001057','L.EIC012');
INSERT INTO ALUNOUC VALUES('202001057','L.EIC008');
INSERT INTO ALUNOUC VALUES('202001057','L.EIC014');
INSERT INTO ALUNOUC VALUES('202001057','L.EIC009');
INSERT INTO ALUNOUC VALUES('202001057','L.EIC016');
INSERT INTO ALUNOUC VALUES('202001057','L.EIC017');
INSERT INTO ALUNOUC VALUES('202001057','L.EIC018');
INSERT INTO ALUNOUC VALUES('202001057','L.EIC019');
INSERT INTO ALUNOUC VALUES('202001058','L.EIC013');
INSERT INTO ALUNOUC VALUES('202001058','L.EIC010');
INSERT INTO ALUNOUC VALUES('202001058','L.EIC006');
INSERT INTO ALUNOUC VALUES('202001058','L.EIC012');
INSERT INTO ALUNOUC VALUES('202001058','L.EIC008');
INSERT INTO ALUNOUC VALUES('202001058','L.EIC014');
INSERT INTO ALUNOUC VALUES('202001058','L.EIC009');
INSERT INTO ALUNOUC VALUES('202001058','L.EIC016');
INSERT INTO ALUNOUC VALUES('202001058','L.EIC017');
INSERT INTO ALUNOUC VALUES('202001058','L.EIC018');
INSERT INTO ALUNOUC VALUES('202001058','L.EIC019');
INSERT INTO ALUNOUC VALUES('202001059','L.EIC013');
INSERT INTO ALUNOUC VALUES('202001059','L.EIC010');
INSERT INTO ALUNOUC VALUES('202001059','L.EIC006');
INSERT INTO ALUNOUC VALUES('202001059','L.EIC012');
INSERT INTO ALUNOUC VALUES('202001059','L.EIC008');
INSERT INTO ALUNOUC VALUES('202001059','L.EIC014');
INSERT INTO ALUNOUC VALUES('202001059','L.EIC009');
INSERT INTO ALUNOUC VALUES('202001059','L.EIC016');
INSERT INTO ALUNOUC VALUES('202001059','L.EIC017');
INSERT INTO ALUNOUC VALUES('202001059','L.EIC018');
INSERT INTO ALUNOUC VALUES('202001059','L.EIC019');
INSERT INTO ALUNOUC VALUES('202001060','M.EEC01');
INSERT INTO ALUNOUC VALUES('202001060','M.EEC02');
INSERT INTO ALUNOUC VALUES('202001060','M.EEC03');
INSERT INTO ALUNOUC VALUES('202001061','M.EEC01');
INSERT INTO ALUNOUC VALUES('202001061','M.EEC02');
INSERT INTO ALUNOUC VALUES('202001061','M.EEC03');
INSERT INTO ALUNOUC VALUES('202001062','M.EEC01');
INSERT INTO ALUNOUC VALUES('202001062','M.EEC02');
INSERT INTO ALUNOUC VALUES('202001062','M.EEC03');
INSERT INTO ALUNOUC VALUES('202001063','M.EEC01');
INSERT INTO ALUNOUC VALUES('202001063','M.EEC02');
INSERT INTO ALUNOUC VALUES('202001063','M.EEC03');
INSERT INTO ALUNOUC VALUES('202001064','M.EEC01');
INSERT INTO ALUNOUC VALUES('202001064','M.EEC02');
INSERT INTO ALUNOUC VALUES('202001064','M.EEC03');
INSERT INTO ALUNOUC VALUES('202001065','M.EEC01');
INSERT INTO ALUNOUC VALUES('202001065','M.EEC02');
INSERT INTO ALUNOUC VALUES('202001065','M.EEC03');
INSERT INTO ALUNOUC VALUES('202001066','M.EEC01');
INSERT INTO ALUNOUC VALUES('202001066','M.EEC02');
INSERT INTO ALUNOUC VALUES('202001066','M.EEC03');
INSERT INTO ALUNOUC VALUES('202001067','M.EEC01');
INSERT INTO ALUNOUC VALUES('202001067','M.EEC02');
INSERT INTO ALUNOUC VALUES('202001067','M.EEC03');
INSERT INTO ALUNOUC VALUES('202001068','M.EEC01');
INSERT INTO ALUNOUC VALUES('202001068','M.EEC02');
INSERT INTO ALUNOUC VALUES('202001068','M.EEC03');
INSERT INTO ALUNOUC VALUES('202001069','M.EEC01');
INSERT INTO ALUNOUC VALUES('202001069','M.EEC02');
INSERT INTO ALUNOUC VALUES('202001069','M.EEC03');
INSERT INTO ALUNOUC VALUES('202001070','M.EEC01');
INSERT INTO ALUNOUC VALUES('202001070','M.EEC02');
INSERT INTO ALUNOUC VALUES('202001070','M.EEC03');
INSERT INTO ALUNOUC VALUES('202001071','M.EEC01');
INSERT INTO ALUNOUC VALUES('202001071','M.EEC02');
INSERT INTO ALUNOUC VALUES('202001071','M.EEC03');
INSERT INTO ALUNOUC VALUES('202001072','M.EEC01');
INSERT INTO ALUNOUC VALUES('202001072','M.EEC02');
INSERT INTO ALUNOUC VALUES('202001072','M.EEC03');
INSERT INTO ALUNOUC VALUES('202001073','M.EEC01');
INSERT INTO ALUNOUC VALUES('202001073','M.EEC02');
INSERT INTO ALUNOUC VALUES('202001073','M.EEC03');
INSERT INTO ALUNOUC VALUES('202001074','M.EEC01');
INSERT INTO ALUNOUC VALUES('202001074','M.EEC02');
INSERT INTO ALUNOUC VALUES('202001074','M.EEC03');
INSERT INTO ALUNOUC VALUES('202001075','M.EEC01');
INSERT INTO ALUNOUC VALUES('202001075','M.EEC02');
INSERT INTO ALUNOUC VALUES('202001075','M.EEC03');
INSERT INTO ALUNOUC VALUES('202001076','M.EEC01');
INSERT INTO ALUNOUC VALUES('202001076','M.EEC02');
INSERT INTO ALUNOUC VALUES('202001076','M.EEC03');
INSERT INTO ALUNOUC VALUES('202001077','M.EEC01');
INSERT INTO ALUNOUC VALUES('202001077','M.EEC02');
INSERT INTO ALUNOUC VALUES('202001077','M.EEC03');
INSERT INTO ALUNOUC VALUES('202001078','M.EEC01');
INSERT INTO ALUNOUC VALUES('202001078','M.EEC02');
INSERT INTO ALUNOUC VALUES('202001078','M.EEC03');
INSERT INTO ALUNOUC VALUES('202001079','M.EEC01');
INSERT INTO ALUNOUC VALUES('202001079','M.EEC02');
INSERT INTO ALUNOUC VALUES('202001079','M.EEC03');
INSERT INTO ALUNOUC VALUES('202001080','L.EEC01');
INSERT INTO ALUNOUC VALUES('202001081','M.EIC01');
INSERT INTO ALUNOUC VALUES('202001082','L.EEC01');
INSERT INTO ALUNOUC VALUES('202001083','M.EIC01');
INSERT INTO ALUNOUC VALUES('202001084','M.EIC01');
INSERT INTO ALUNOUC VALUES('202001085','L.EEC01');
INSERT INTO ALUNOUC VALUES('202001086','M.EIC01');
INSERT INTO ALUNOUC VALUES('202001087','L.EEC01');
INSERT INTO ALUNOUC VALUES('202001088','L.EEC01');
INSERT INTO ALUNOUC VALUES('202001089','M.EIC01');
INSERT INTO ALUNOUC VALUES('202001090','M.EIC01');
INSERT INTO ALUNOUC VALUES('202001091','M.EIC01');
INSERT INTO ALUNOUC VALUES('202001092','L.EEC01');
INSERT INTO ALUNOUC VALUES('202001093','M.EIC01');
INSERT INTO ALUNOUC VALUES('202001094','M.EIC01');
INSERT INTO ALUNOUC VALUES('202001095','L.EEC01');
INSERT INTO ALUNOUC VALUES('202001096','L.EEC01');
INSERT INTO ALUNOUC VALUES('202001097','L.EEC01');
INSERT INTO ALUNOUC VALUES('202001098','M.EIC01');
INSERT INTO ALUNOUC VALUES('202001099','L.EEC01');



INSERT INTO OCORRENCIAUC VALUES('1','2021-2022','2','1','81','L.EIC013');
INSERT INTO OCORRENCIAUC VALUES('2','2021-2022','1','2','69','L.EIC010');
INSERT INTO OCORRENCIAUC VALUES('3','2021-2022','2','1','63','L.EIC006');
INSERT INTO OCORRENCIAUC VALUES('4','2021-2022','2','1','81','L.EIC012');
INSERT INTO OCORRENCIAUC VALUES('5','2021-2022','1','2','60','L.EIC014');
INSERT INTO OCORRENCIAUC VALUES('6','2021-2022','2','1','60','L.EIC009');
INSERT INTO OCORRENCIAUC VALUES('7','2021-2022','2','1','60','L.EIC016');
INSERT INTO OCORRENCIAUC VALUES('8','2021-2022','2','2','60','L.EIC017');
INSERT INTO OCORRENCIAUC VALUES('9','2021-2022','2','2','60','L.EIC018');
INSERT INTO OCORRENCIAUC VALUES('10','2021-2022','1','2','60','L.EIC019');
INSERT INTO OCORRENCIAUC VALUES('11','2021-2022','2','1','60','L.EIC008');
INSERT INTO OCORRENCIAUC VALUES('12','2021-2022','4','1','20','M.EEC01');
INSERT INTO OCORRENCIAUC VALUES('13','2021-2022','5','2','20','M.EEC02');
INSERT INTO OCORRENCIAUC VALUES('14','2021-2022','4','1','20','M.EEC03');
INSERT INTO OCORRENCIAUC VALUES('15','2021-2022','2','2','20','L.EEC01');
INSERT INTO OCORRENCIAUC VALUES('16','2021-2022','4','2','20','M.EIC01');



INSERT INTO NAODOCENTE VALUES('135','Joel Henriques','665','6','Seguranca');
INSERT INTO NAODOCENTE VALUES('148','Salvador Gonçalves','665','6','Seguranca');
INSERT INTO NAODOCENTE VALUES('150','Helena Figueiredo','750','12','Cozinheira');
INSERT INTO NAODOCENTE VALUES('302','Joel Barbosa','775','6','Tecnico');
INSERT INTO NAODOCENTE VALUES('500','Mia Lopes','750','12','Cozinheira');
INSERT INTO NAODOCENTE VALUES('105','Emanuel Amorim','665','6','Seguranca');
INSERT INTO NAODOCENTE VALUES('231','Fábio Loureiro','665','6','Seguranca');
INSERT INTO NAODOCENTE VALUES('222','Dinis Valente','685','6','Ajudante de cozinheira');
INSERT INTO NAODOCENTE VALUES('625','Joana Domingues','665','6','Continua');
INSERT INTO NAODOCENTE VALUES('300','Isabel Leal','665','6','Continua');
INSERT INTO NAODOCENTE VALUES('325','Sandro Matias','665','6','Seguranca');
INSERT INTO NAODOCENTE VALUES('112','Luciana Figueiredo','750','12','Cozinheira');
INSERT INTO NAODOCENTE VALUES('720','Mateus Cunha','875','12','Administrativo');
INSERT INTO NAODOCENTE VALUES('615','Íris Fonseca','665','6','Continua');
INSERT INTO NAODOCENTE VALUES('320','Alexandra Pinto','665','6','Continua');
INSERT INTO NAODOCENTE VALUES('415','Vítor Carneiro','775','6','Tecnico');
INSERT INTO NAODOCENTE VALUES('312','Constança Barros','665','6','Continua');
INSERT INTO NAODOCENTE VALUES('225','David Amaral','875','12','Administrativo');
INSERT INTO NAODOCENTE VALUES('199','Isabel Batista','665','6','Continua');
INSERT INTO NAODOCENTE VALUES('421','Clara Cunha','665','6','Continua');
INSERT INTO NAODOCENTE VALUES('175','Daniela Pereira','665','6','Continua');



INSERT INTO ESTATUTO VALUES('1','5000','Professor Catedrático');
INSERT INTO ESTATUTO VALUES('2','4000','Professor Associado c/ Agregação');
INSERT INTO ESTATUTO VALUES('3','3600','Professor Auxiliar c/ Agregação');
INSERT INTO ESTATUTO VALUES('4','3200','Professor Auxiliar s/Agregação');
INSERT INTO ESTATUTO VALUES('5','2300','Professor Assistente');
INSERT INTO ESTATUTO VALUES('6','1800','Professor Assistente Estagiário');
INSERT INTO ESTATUTO VALUES('7','4600','Professor Coordenador Principal');
INSERT INTO ESTATUTO VALUES('8','3000','Professor Adjunto');
INSERT INTO ESTATUTO VALUES('9','3800','Professor Coordenador c/Agregação');
INSERT INTO ESTATUTO VALUES('10','3900','Professor Associado s/ Agregação');
INSERT INTO ESTATUTO VALUES('11','2500','Assistente Mestre e Doutor');




INSERT INTO MESTRADO VALUES('9552','6878','50','4');
INSERT INTO MESTRADO VALUES('9553','9569','150','4');
INSERT INTO MESTRADO VALUES('9554','6917','50','4'); 
INSERT INTO MESTRADO VALUES('9555','6361','150','4');
INSERT INTO MESTRADO VALUES('9556','9420','150','4'); 
INSERT INTO MESTRADO VALUES('9557','MB40','150','4');
INSERT INTO MESTRADO VALUES('9558','9422','150','4');
INSERT INTO MESTRADO VALUES('9559','6640','150','4'); 
INSERT INTO MESTRADO VALUES('9560','MC54','150','4');
INSERT INTO MESTRADO VALUES('9561','6295','50','4'); 
INSERT INTO MESTRADO VALUES('9562','6362','150','4');



  
INSERT INTO LICENCIATURA VALUES('9541','9540','120','6');
INSERT INTO LICENCIATURA VALUES('9542','9089','200','6');
INSERT INTO LICENCIATURA VALUES('9543','L236','200','6');
INSERT INTO LICENCIATURA VALUES('9544','9123','200','6'); 
INSERT INTO LICENCIATURA VALUES('9545','9104','200','6');       
INSERT INTO LICENCIATURA VALUES('9546','L209','200','6');
INSERT INTO LICENCIATURA VALUES('9547','9113','200','6');
INSERT INTO LICENCIATURA VALUES('9548','9099','200','6');
INSERT INTO LICENCIATURA VALUES('9549','L224','200','6');
INSERT INTO LICENCIATURA VALUES('9550','9096','200','6');
INSERT INTO LICENCIATURA VALUES('9551','9125','200','6');




INSERT INTO DOCENTE VALUES('0','Adriano Alexandre dos Santos Machado','0AAdSM','AdrianoAlexandredosSantosMachado@gmail.com','1','DEMM');
INSERT INTO DOCENTE VALUES('1','Afonso Castro Vaz Osorio ','1ACVO','AfonsoCastroVazOsorio@gmail.com','6','DEMec');
INSERT INTO DOCENTE VALUES('2','Afonso Gouveia Dias ','2AGD','AfonsoGouveiaDias@gmail.com','7','DEEC');
INSERT INTO DOCENTE VALUES('3','Afonso Machado Neves ','3AMN','AfonsoMachadoNeves@gmail.com','7','DEF');
INSERT INTO DOCENTE VALUES('4','Alberto Daniel Alves Serra ','4ADAS','AlbertoDanielAlvesSerra@gmail.com','7','DEEC');
INSERT INTO DOCENTE VALUES('5','Aléssia Águeda Tiberio Jorge ','5AATJ','AléssiaAguedaTiberioJorge@gmail.com','1','DEGI');
INSERT INTO DOCENTE VALUES('6','Alexandre Henrique Silva dos Santos ','6AHSdS','AlexandreHenriqueSilvadosSantos@gmail.com','8','DEGI');
INSERT INTO DOCENTE VALUES('7','Ana Carolina da Costa Coutinho ','7ACdCC','AnaCarolinadaCostaCoutinho@gmail.com','3','DEC');
INSERT INTO DOCENTE VALUES('8','Ana Carolina Ribeirinho Soares Almeida ','8ACRSA','AnaCarolinaRibeirinhoSoaresAlmeida@gmail.com','2','DEF');
INSERT INTO DOCENTE VALUES('9','Ana Catarina Novais da Silva ','9ACNdS','AnaCatarinaNovaisdaSilva@gmail.com','8','DEGI');
INSERT INTO DOCENTE VALUES('10','Ana Ferreira Cosme ','10AFC','AnaFerreiraCosme@gmail.com','9','DEEC');
INSERT INTO DOCENTE VALUES('11','Ana Margarida dos Santos Pessoa ','11AMdSP','AnaMargaridadosSantosPessoa@gmail.com','4','DEMM');
INSERT INTO DOCENTE VALUES('12','Ana Raquel Rodrigues dos Reis ','12ARRdR','AnaRaquelRodriguesdosReis@gmail.com','9','DEGI');
INSERT INTO DOCENTE VALUES('13','Ana Rita Varanda Cachaldora Pereira','13ARVCP','AnaRitaVarandaCachaldoraPereira@gmail.com','6','DEI');
INSERT INTO DOCENTE VALUES('14','Ana Sofia Ferreira Azevedo','14ASFA','AnaSofiaFerreiraAzevedo@gmail.com','2','DEEC');
INSERT INTO DOCENTE VALUES('15','André Bernardo Ferreira Santos','15ABFS','AndréBernardoFerreiraSantos@gmail.com','7','DEM');
INSERT INTO DOCENTE VALUES('16','André Dantas Rodrigues','16ADR','AndréDantasRodrigues@gmail.com','3','DEI');
INSERT INTO DOCENTE VALUES('17','André David Aires de Freitas','17ADAdF','AndréDavidAiresdeFreitas@gmail.com','8','DEEC');
INSERT INTO DOCENTE VALUES('18','André dos Santos Faria Relva','18AdSFR','AndrédosSantosFariaRelva@gmail.com','7','DEQ');
INSERT INTO DOCENTE VALUES('19','André Gabriel Correia Vieira','19AGCV','AndréGabrielCorreiaVieira@gmail.com','1','DEI');
INSERT INTO DOCENTE VALUES('20','André Gonçalves Pinto','20AGP','AndréGonçalvesPinto@gmail.com','6','DEGI');
INSERT INTO DOCENTE VALUES('21','André Moreira Teixeira','21AMT','AndréMoreiraTeixeira@gmail.com','5','DEMec');
INSERT INTO DOCENTE VALUES('22','André Pinto de Sousa','22APdS','AndréPintodeSousa@gmail.com','1','DEEC');
INSERT INTO DOCENTE VALUES('23','André Tiago Moreira Soares da Costa e Silva','23ATMSdCeS','AndréTiagoMoreiraSoaresdaCostaeSilva@gmail.com','6','DEI');
INSERT INTO DOCENTE VALUES('24','Andreia Filipa Gonçalves Silva','24AFGS','AndreiaFilipaGonçalvesSilva@gmail.com','6','DEEC');
INSERT INTO DOCENTE VALUES('25','Anete Medina Pereira','25AMP','AneteMedinaPereira@gmail.com','2','DEGI');
INSERT INTO DOCENTE VALUES('26','Antonio Costa Rego','26ACR','AntonioCostaRego@gmail.com','6','DEMM');
INSERT INTO DOCENTE VALUES('27','António Félix da Costa Ricardo Romão','27AFdCRR','AntónioFélixdaCostaRicardoRomão@gmail.com','8','DEMM');
INSERT INTO DOCENTE VALUES('28','António Guilherme Sanches de Magalhães Koch e Silva','28AGSdMKeS','AntónioGuilhermeSanchesdeMagalhãesKocheSilva@gmail.com','5','DEMec');
INSERT INTO DOCENTE VALUES('29','António Henrique Martins Azevedo','29AHMA','AntónioHenriqueMartinsAzevedo@gmail.com','8','DEEC');
INSERT INTO DOCENTE VALUES('30','Antonio Marujo Rama','30AMR','AntonioMarujoRama@gmail.com','10','DEM');
INSERT INTO DOCENTE VALUES('31','António Miguel Miller Aguiar Tavares','31AMMAT','AntónioMiguelMillerAguiarTavares@gmail.com','2','DEEC');
INSERT INTO DOCENTE VALUES('32','António Pedro Cabral dos Santos','32APCdS','AntónioPedroCabraldosSantos@gmail.com','10','DEQ');
INSERT INTO DOCENTE VALUES('33','António Rodolfo de Almeida Seara Ferreira','33ARdASF','AntónioRodolfodeAlmeidaSearaFerreira@gmail.com','9','DEMec');
INSERT INTO DOCENTE VALUES('34','Artur José Albuquerque Oliveira','34AJAO','ArturJoséAlbuquerqueOliveira@gmail.com','3','DEQ');
INSERT INTO DOCENTE VALUES('35','Artur Telo Luís','35ATL','ArturTeloLuís@gmail.com','8','DEC');
INSERT INTO DOCENTE VALUES('36','Athos Coghi Freitas','36ACF','AthosCoghiFreitas@gmail.com','3','DEMec');
INSERT INTO DOCENTE VALUES('37','Beatriz Ferreira de Almeida','37BFdA','BeatrizFerreiradeAlmeida@gmail.com','7','DEQ');
INSERT INTO DOCENTE VALUES('38','Beatriz Maia da Silva Cruz','38BMdSC','BeatrizMaiadaSilvaCruz@gmail.com','4','DEGI');
INSERT INTO DOCENTE VALUES('39','Beneeta Mendez','39BM','BeneetaMendez@gmail.com','5','DEMec');
INSERT INTO DOCENTE VALUES('40','Bernardo Dinis Guimarães Pinto','40BDGP','BernardoDinisGuimarãesPinto@gmail.com','3','DEF');
INSERT INTO DOCENTE VALUES('41','Bruno Miguel de Siuéia Duvane','41BMdSD','BrunoMigueldeSiuéiaDuvane@gmail.com','3','DEGI');
INSERT INTO DOCENTE VALUES('42','Bruno Miguel Lopes da Rocha Fernandes','42BMLdRF','BrunoMiguelLopesdaRochaFernandes@gmail.com','7','DEC');
INSERT INTO DOCENTE VALUES('43','Bruno Pinto da Silva Drumond','43BPdSD','BrunoPintodaSilvaDrumond@gmail.com','9','DEGI');
INSERT INTO DOCENTE VALUES('44','Bruno Rafael Oliveira Machado','44BROM','BrunoRafaelOliveiraMachado@gmail.com','4','DEMec');
INSERT INTO DOCENTE VALUES('45','Camila Santos Silva','45CSS','CamilaSantosSilva@gmail.com','1','DEC');
INSERT INTO DOCENTE VALUES('46','Carlos Daniel Lopes Rebelo','46CDLR','CarlosDanielLopesRebelo@gmail.com','4','DEGI');
INSERT INTO DOCENTE VALUES('47','Carlos Manuel da Silva Costa','47CMdSC','CarlosManueldaSilvaCosta@gmail.com','3','DEC');
INSERT INTO DOCENTE VALUES('48','Carolina Cunha Senra Bogas Gonçalves','48CCSBG','CarolinaCunhaSenraBogasGonçalves@gmail.com','6','DEI');
INSERT INTO DOCENTE VALUES('49','Carolina Teixeira Lopes Couto Viana','49CTLCV','CarolinaTeixeiraLopesCoutoViana@gmail.com','1','DEEC');
INSERT INTO DOCENTE VALUES('50','Catarina Isabel Moreira Canelas','50CIMC','CatarinaIsabelMoreiraCanelas@gmail.com','3','DEM');
INSERT INTO DOCENTE VALUES('51','Clarisse Maria Teixeira de Carvalho','51CMTdC','ClarisseMariaTeixeiradeCarvalho@gmail.com','5','DEMec');
INSERT INTO DOCENTE VALUES('52','Cristiano Filipe Moreira Rocha','52CFMR','CristianoFilipeMoreiraRocha@gmail.com','1','DEM');
INSERT INTO DOCENTE VALUES('53','Daniel António Mendes Novais','53DAMN','DanielAntónioMendesNovais@gmail.com','8','DEMec');
INSERT INTO DOCENTE VALUES('54','Daniel Cabral Bernardo','54DCB','DanielCabralBernardo@gmail.com','6','DEQ');
INSERT INTO DOCENTE VALUES('55','Daniel Dória Pinto','55DDP','DanielDóriaPinto@gmail.com','10','DEI');
INSERT INTO DOCENTE VALUES('56','Daniel dos Santos Ferreira','56DdSF','DanieldosSantosFerreira@gmail.com','10','DEMM');
INSERT INTO DOCENTE VALUES('57','Daniel Filipe Calado de Simas Belém','57DFCdSB','DanielFilipeCaladodeSimasBelém@gmail.com','5','DEM');
INSERT INTO DOCENTE VALUES('58','Daniel José de Aguiar Gago','58DJdAG','DanielJosédeAguiarGago@gmail.com','9','DEF');
INSERT INTO DOCENTE VALUES('59','Daniel Moreira Carneiro','59DMC','DanielMoreiraCarneiro@gmail.com','10','DEEC');
INSERT INTO DOCENTE VALUES('60','Dany Ferreira','60DF','DanyFerreira@gmail.com','1','DEGI');
INSERT INTO DOCENTE VALUES('61','Daunísia Augusto Jon','61DAJ','DaunísiaAugustoJon@gmail.com','6','DEC');
INSERT INTO DOCENTE VALUES('62','David Amorim Cordeiro','62DAC','DavidAmorimCordeiro@gmail.com','5','DEMM');
INSERT INTO DOCENTE VALUES('63','David da Costa Santos','63DdCS','DaviddaCostaSantos@gmail.com','7','DEGI');
INSERT INTO DOCENTE VALUES('64','David José Soares Castro','64DJSC','DavidJoséSoaresCastro@gmail.com','7','DEQ');
INSERT INTO DOCENTE VALUES('65','David Oliveira Espinha Marques','65DOEM','DavidOliveiraEspinhaMarques@gmail.com','4','DEC');
INSERT INTO DOCENTE VALUES('66','Diana Sofia Sampaio Martins','66DSSM','DianaSofiaSampaioMartins@gmail.com','8','DEQ');
INSERT INTO DOCENTE VALUES('67','Diogo Alexandre da Silva Santos','67DAdSS','DiogoAlexandredaSilvaSantos@gmail.com','8','DEMec');
INSERT INTO DOCENTE VALUES('68','Diogo Alexandre Oliveira da Silva','68DAOdS','DiogoAlexandreOliveiradaSilva@gmail.com','2','DEQ');
INSERT INTO DOCENTE VALUES('69','Diogo Alexandre Soares Martins','69DASM','DiogoAlexandreSoaresMartins@gmail.com','9','DEQ');
INSERT INTO DOCENTE VALUES('70','Diogo Carvalho Pintado','70DCP','DiogoCarvalhoPintado@gmail.com','8','DEMM');
INSERT INTO DOCENTE VALUES('71','Diogo Coutinho da Silva','71DCdS','DiogoCoutinhodaSilva@gmail.com','2','DEI');
INSERT INTO DOCENTE VALUES('72','Diogo Filipe Couto Monteiro','72DFCM','DiogoFilipeCoutoMonteiro@gmail.com','1','DEI');
INSERT INTO DOCENTE VALUES('73','Diogo Filipe Pereira Santos','73DFPS','DiogoFilipePereiraSantos@gmail.com','4','DEC');
INSERT INTO DOCENTE VALUES('74','Diogo Lima da Silva Costa','74DLdSC','DiogoLimadaSilvaCosta@gmail.com','6','DEGI');
INSERT INTO DOCENTE VALUES('75','Diogo Miranda de Figueiredo Sarmento','75DMdFS','DiogoMirandadeFigueiredoSarmento@gmail.com','4','DEM');
INSERT INTO DOCENTE VALUES('76','Diogo Rafael Cardoso Moreira','76DRCM','DiogoRafaelCardosoMoreira@gmail.com','1','DEEC');
INSERT INTO DOCENTE VALUES('77','Diogo Silveira Viana','77DSV','DiogoSilveiraViana@gmail.com','8','DEM');
INSERT INTO DOCENTE VALUES('78','Diogo Tomás Valente Fernandes','78DTVF','DiogoTomásValenteFernandes@gmail.com','8','DEEC');
INSERT INTO DOCENTE VALUES('79','Domingos Manuel Ordenâ Neto','79DMON','DomingosManuelOrdenâNeto@gmail.com','7','DEM');
INSERT INTO DOCENTE VALUES('80','Duarte Francisco Sousa Gonçalves','80DFSG','DuarteFranciscoSousaGonçalves@gmail.com','6','DEEC');
INSERT INTO DOCENTE VALUES('81','Eduardo Afonso Soares Ferreira Machado','81EASFM','EduardoAfonsoSoaresFerreiraMachado@gmail.com','4','DEF');
INSERT INTO DOCENTE VALUES('82','Eduardo Bessa e Silva de Araújo Barbosa','82EBeSdAB','EduardoBessaeSilvadeAraújoBarbosa@gmail.com','1','DEQ');
INSERT INTO DOCENTE VALUES('83','Eduardo José Neto Oliveira','83EJNO','EduardoJoséNetoOliveira@gmail.com','7','DEC');
INSERT INTO DOCENTE VALUES('84','Eduardo Luís Fernandes Roçadas','84ELFR','EduardoLuísFernandesRoçadas@gmail.com','3','DEF');
INSERT INTO DOCENTE VALUES('85','Eduardo Machado Teixeira de Sousa','85EMTdS','EduardoMachadoTeixeiradeSousa@gmail.com','7','DEI');
INSERT INTO DOCENTE VALUES('86','Eduardo Martins Oliveira','86EMO','EduardoMartinsOliveira@gmail.com','8','DEI');
INSERT INTO DOCENTE VALUES('87','Eduardo Renato Fernandes Barbosa','87ERFB','EduardoRenatoFernandesBarbosa@gmail.com','7','DEI');
INSERT INTO DOCENTE VALUES('88','Eriton Laury Felisberto Naife','88ELFN','EritonLauryFelisbertoNaife@gmail.com','2','DEQ');
INSERT INTO DOCENTE VALUES('89','Felipe Jacob de Jesus Ferreira','89FJdJF','FelipeJacobdeJesusFerreira@gmail.com','9','DEC');
INSERT INTO DOCENTE VALUES('90','Félix Marcial Alves Martins','90FMAM','FélixMarcialAlvesMartins@gmail.com','4','DEMec');
INSERT INTO DOCENTE VALUES('91','Fernando da Silva Pereira Borges Afonso','91FdSPBA','FernandodaSilvaPereiraBorgesAfonso@gmail.com','2','DEGI');
INSERT INTO DOCENTE VALUES('92','Fernando Manuel de Melo Oliveira','92FMdMO','FernandoManueldeMeloOliveira@gmail.com','1','DEI');
INSERT INTO DOCENTE VALUES('93','Fernando Miguel Santos Borges de Barros','93FMSBdB','FernandoMiguelSantosBorgesdeBarros@gmail.com','9','DEQ');
INSERT INTO DOCENTE VALUES('94','Filipa Daniela Gonçalves Sousa','94FDGS','FilipaDanielaGonçalvesSousa@gmail.com','4','DEEC');
INSERT INTO DOCENTE VALUES('95','Filipe Pereira de Castro Ferreira','95FPdCF','FilipePereiradeCastroFerreira@gmail.com','8','DEF');
INSERT INTO DOCENTE VALUES('96','Filipe Rafael Baião da Silva','96FRBdS','FilipeRafaelBaiãodaSilva@gmail.com','9','DEEC');
INSERT INTO DOCENTE VALUES('97','Francisco Dias Pires Ferreira de Sousa','97FDPFdS','FranciscoDiasPiresFerreiradeSousa@gmail.com','2','DEMM');
INSERT INTO DOCENTE VALUES('98','Francisco Fernandes Augusto','98FFA','FranciscoFernandesAugusto@gmail.com','6','DEMec');
INSERT INTO DOCENTE VALUES('99','Francisco Gonçalves de Sousa','99FGdS','FranciscoGonçalvesdeSousa@gmail.com','3','DEGI');
INSERT INTO DOCENTE VALUES('100','Francisco Lopes Mendonça','100FLM','FranciscoLopesMendonça@gmail.com','1','DEF');
INSERT INTO DOCENTE VALUES('101','Francisco Miguel Alcobia Maia Prada','101FMAMP','FranciscoMiguelAlcobiaMaiaPrada@gmail.com','2','DEGI');
INSERT INTO DOCENTE VALUES('102','Francisco Miguel Correia Mariano Pinheiro Cardoso','102FMCMPC','FranciscoMiguelCorreiaMarianoPinheiroCardoso@gmail.com','10','DEMec');
INSERT INTO DOCENTE VALUES('103','Francisco Pinto Tristão da Cunha Bettencourt','103FPTdCB','FranciscoPintoTristãodaCunhaBettencourt@gmail.com','4','DEC');
INSERT INTO DOCENTE VALUES('104','Francisco Pires da Ana','104FPdA','FranciscoPiresdaAna@gmail.com','4','DEGI');
INSERT INTO DOCENTE VALUES('105','Francisco Silva Cunha Campos','105FSCC','FranciscoSilvaCunhaCampos@gmail.com','7','DEM');
INSERT INTO DOCENTE VALUES('106','Francisco Tomás Marques Lopes','106FTML','FranciscoTomásMarquesLopes@gmail.com','3','DEMec');
INSERT INTO DOCENTE VALUES('107','Gabriel Amorim Carvalho','107GAC','GabrielAmorimCarvalho@gmail.com','3','DEMM');
INSERT INTO DOCENTE VALUES('108','Gabriel Anibal dos Santos Sousa','108GAdSS','GabrielAnibaldosSantosSousa@gmail.com','7','DEQ');
INSERT INTO DOCENTE VALUES('109','Gabriel Filipe Gonçalves Campos Ferreira','109GFGCF','GabrielFilipeGonçalvesCamposFerreira@gmail.com','2','DEQ');
INSERT INTO DOCENTE VALUES('110','Gabriela Dias Salazar Neto Silva','110GDSNS','GabrielaDiasSalazarNetoSilva@gmail.com','1','DEQ');
INSERT INTO DOCENTE VALUES('111','Gaspar Manuel Ferrás Faria','111GMFF','GasparManuelFerrásFaria@gmail.com','8','DEC');
INSERT INTO DOCENTE VALUES('112','Gil Cabral da Mota','112GCdM','GilCabraldaMota@gmail.com','8','DEQ');
INSERT INTO DOCENTE VALUES('113','Gonçalo Bessa Costa','113GBC','GonçaloBessaCosta@gmail.com','3','DEQ');
INSERT INTO DOCENTE VALUES('114','Gonçalo Coelho Morais','114GCM','GonçaloCoelhoMorais@gmail.com','1','DEQ');
INSERT INTO DOCENTE VALUES('115','Gonçalo de Abreu Matias','115GdAM','GonçalodeAbreuMatias@gmail.com','10','DEQ');
INSERT INTO DOCENTE VALUES('116','Gonçalo de Castilho Serra Alves Martins ','116GdCSAM','GonçalodeCastilhoSerraAlvesMartins@gmail.com','3','DEQ');
INSERT INTO DOCENTE VALUES('117','Gonçalo Furtado Estrela Ferreira Pinto','117GFEFP','GonçaloFurtadoEstrelaFerreiraPinto@gmail.com','5','DEQ');
INSERT INTO DOCENTE VALUES('118','Gonçalo Gonçalves Miranda','118GGM','GonçaloGonçalvesMiranda@gmail.com','5','DEQ');
INSERT INTO DOCENTE VALUES('119','Gonçalo Guimarães Gonçalves de Morais Figueira','119GGGdMF','GonçaloGuimarãesGonçalvesdeMoraisFigueira@gmail.com','6','DEMec');
INSERT INTO DOCENTE VALUES('120','Gonçalo Lísias Possacos dos Santos','120GLPdS','GonçaloLísiasPossacosdosSantos@gmail.com','6','DEQ');
INSERT INTO DOCENTE VALUES('121','Gonçalo Pedro Nadais de Pinho','121GPNdP','GonçaloPedroNadaisdePinho@gmail.com','3','DEQ');
INSERT INTO DOCENTE VALUES('122','Gonçalo Rodrigues Matos','122GRM','GonçaloRodriguesMatos@gmail.com','5','DEM');



INSERT INTO LECIONAM VALUES('L.EIC013','113');
INSERT INTO LECIONAM VALUES('L.EIC010','110');
INSERT INTO LECIONAM VALUES('L.EIC006','93');
INSERT INTO LECIONAM VALUES('L.EIC014','81');
INSERT INTO LECIONAM VALUES('L.EIC012','68');
INSERT INTO LECIONAM VALUES('L.EIC008','55');
INSERT INTO LECIONAM VALUES('L.EIC009','44');
INSERT INTO LECIONAM VALUES('L.EIC016','22');
INSERT INTO LECIONAM VALUES('L.EIC017','15');
INSERT INTO LECIONAM VALUES('L.EIC018','11');
INSERT INTO LECIONAM VALUES('L.EIC019','4');
INSERT INTO LECIONAM VALUES('L.EIC010','3');
INSERT INTO LECIONAM VALUES('L.EIC006','0');
INSERT INTO LECIONAM VALUES('L.EIC010','113');
INSERT INTO LECIONAM VALUES('L.EIC013','110');
INSERT INTO LECIONAM VALUES('L.EIC014','93');
INSERT INTO LECIONAM VALUES('L.EIC012','81');
INSERT INTO LECIONAM VALUES('L.EIC008','68');
INSERT INTO LECIONAM VALUES('L.EIC009','55');
INSERT INTO LECIONAM VALUES('L.EIC016','44');
INSERT INTO LECIONAM VALUES('L.EIC017','22');
INSERT INTO LECIONAM VALUES('L.EIC018','15');
INSERT INTO LECIONAM VALUES('L.EIC019','11');
INSERT INTO LECIONAM VALUES('L.EIC010','4');
INSERT INTO LECIONAM VALUES('L.EIC006','3');
INSERT INTO LECIONAM VALUES('L.EIC012','0');
INSERT INTO LECIONAM VALUES('L.EIC006','113');
INSERT INTO LECIONAM VALUES('L.EIC014','110');
INSERT INTO LECIONAM VALUES('L.EIC012','93');
INSERT INTO LECIONAM VALUES('L.EIC008','81');
INSERT INTO LECIONAM VALUES('L.EIC009','68');
INSERT INTO LECIONAM VALUES('L.EIC016','55');
INSERT INTO LECIONAM VALUES('L.EIC017','44');
INSERT INTO LECIONAM VALUES('L.EIC018','22');
INSERT INTO LECIONAM VALUES('L.EIC010','15');
INSERT INTO LECIONAM VALUES('L.EIC012','11');
INSERT INTO LECIONAM VALUES('L.EIC008','4');
INSERT INTO LECIONAM VALUES('L.EIC009','3');
INSERT INTO LECIONAM VALUES('L.EIC019','0');
INSERT INTO LECIONAM VALUES('L.EEC01','49');
INSERT INTO LECIONAM VALUES('L.EEC01','59');
INSERT INTO LECIONAM VALUES('L.EEC01','80');
INSERT INTO LECIONAM VALUES('M.EEC01','76');
INSERT INTO LECIONAM VALUES('M.EEC02','94');
INSERT INTO LECIONAM VALUES('M.EEC03','96');
INSERT INTO LECIONAM VALUES('M.EIC01','93');
INSERT INTO LECIONAM VALUES('M.EIC01','3');
INSERT INTO LECIONAM VALUES('M.EIC01','0');


INSERT INTO DOCENTERESP VALUES('L.EIC014','110');
INSERT INTO DOCENTERESP VALUES('L.EIC012','93');
INSERT INTO DOCENTERESP VALUES('L.EIC008','81');
INSERT INTO DOCENTERESP VALUES('L.EIC009','68');
INSERT INTO DOCENTERESP VALUES('L.EIC016','55');
INSERT INTO DOCENTERESP VALUES('L.EIC017','44');
INSERT INTO DOCENTERESP VALUES('L.EIC018','22');
INSERT INTO DOCENTERESP VALUES('L.EIC010','15');
INSERT INTO DOCENTERESP VALUES('L.EIC019','0');
INSERT INTO DOCENTERESP VALUES('L.EEC01','80');
INSERT INTO DOCENTERESP VALUES('M.EEC01','49');
INSERT INTO DOCENTERESP VALUES('M.EEC02','59');
INSERT INTO DOCENTERESP VALUES('M.EEC03','49');
INSERT INTO DOCENTERESP VALUES('M.EIC01','110');



INSERT INTO DIRECAOCURSO VALUES('1','12-12-2016','9541');
INSERT INTO DIRECAOCURSO VALUES('2','12-12-2020','9541');

INSERT INTO DIRECAOCURSO VALUES('3','05-01-2016','9542');
INSERT INTO DIRECAOCURSO VALUES('4','05-01-2020','9542');

INSERT INTO DIRECAOCURSO VALUES('5','07-01-2016','9543');
INSERT INTO DIRECAOCURSO VALUES('6','07-01-2020','9543');

INSERT INTO DIRECAOCURSO VALUES('7','07-01-2016','9544');
INSERT INTO DIRECAOCURSO VALUES('8','07-01-2020','9544');

INSERT INTO DIRECAOCURSO VALUES('9','07-01-2016','9545');
INSERT INTO DIRECAOCURSO VALUES('10','07-01-2020','9545');

INSERT INTO DIRECAOCURSO VALUES('11','07-01-2016','9546');
INSERT INTO DIRECAOCURSO VALUES('12','07-01-2020','9546');

INSERT INTO DIRECAOCURSO VALUES('13','07-01-2016','9547');
INSERT INTO DIRECAOCURSO VALUES('14','07-01-2020','9547');

INSERT INTO DIRECAOCURSO VALUES('15','07-01-2016','9548');
INSERT INTO DIRECAOCURSO VALUES('16','07-01-2020','9548');

INSERT INTO DIRECAOCURSO VALUES('17','07-01-2016','9549');
INSERT INTO DIRECAOCURSO VALUES('18','07-01-2020','9549');

INSERT INTO DIRECAOCURSO VALUES('19','07-01-2016','9550');
INSERT INTO DIRECAOCURSO VALUES('20','07-01-2020','9550');

INSERT INTO DIRECAOCURSO VALUES('21','07-01-2016','9551');
INSERT INTO DIRECAOCURSO VALUES('22','07-01-2020','9551');

INSERT INTO DIRECAOCURSO VALUES('23','07-01-2016','9552');
INSERT INTO DIRECAOCURSO VALUES('24','07-01-2020','9552');

INSERT INTO DIRECAOCURSO VALUES('25','07-01-2016','9553');
INSERT INTO DIRECAOCURSO VALUES('26','07-01-2020','9553');

INSERT INTO DIRECAOCURSO VALUES('27','07-01-2016','9554');
INSERT INTO DIRECAOCURSO VALUES('28','07-01-2020','9554');

INSERT INTO DIRECAOCURSO VALUES('29','07-01-2016','9555');
INSERT INTO DIRECAOCURSO VALUES('30','07-01-2020','9555');

INSERT INTO DIRECAOCURSO VALUES('31','07-01-2016','9556');
INSERT INTO DIRECAOCURSO VALUES('32','07-01-2020','9556');

INSERT INTO DIRECAOCURSO VALUES('33','07-01-2016','9557');
INSERT INTO DIRECAOCURSO VALUES('34','07-01-2020','9557');

INSERT INTO DIRECAOCURSO VALUES('35','07-01-2016','9558');
INSERT INTO DIRECAOCURSO VALUES('36','07-01-2020','9558');

INSERT INTO DIRECAOCURSO VALUES('37','07-01-2016','9559');
INSERT INTO DIRECAOCURSO VALUES('38','07-01-2020','9559');

INSERT INTO DIRECAOCURSO VALUES('39','07-01-2016','9560');
INSERT INTO DIRECAOCURSO VALUES('40','07-01-2020','9560');

INSERT INTO DIRECAOCURSO VALUES('41','07-01-2016','9561');
INSERT INTO DIRECAOCURSO VALUES('42','07-01-2020','9561');

INSERT INTO DIRECAOCURSO VALUES('43','07-01-2016','9562');
INSERT INTO DIRECAOCURSO VALUES('44','07-01-2020','9562');



INSERT INTO DIRETOR VALUES('117','1');
INSERT INTO DIRETOR VALUES('118','2');

INSERT INTO DIRETOR VALUES('7','3');
INSERT INTO DIRETOR VALUES('35','4');

INSERT INTO DIRETOR VALUES('75','5');
INSERT INTO DIRETOR VALUES('77','6');

INSERT INTO DIRETOR VALUES('1','7');
INSERT INTO DIRETOR VALUES('21','8');

INSERT INTO DIRETOR VALUES('5','9');
INSERT INTO DIRETOR VALUES('6','10');

INSERT INTO DIRETOR VALUES('2','11');
INSERT INTO DIRETOR VALUES('4','12');

INSERT INTO DIRETOR VALUES('8','13');
INSERT INTO DIRETOR VALUES('3','14');

INSERT INTO DIRETOR VALUES('18','15');
INSERT INTO DIRETOR VALUES('34','16');

INSERT INTO DIRETOR VALUES('13','17');
INSERT INTO DIRETOR VALUES('16','18');

INSERT INTO DIRETOR VALUES('0','19');
INSERT INTO DIRETOR VALUES('11','20');

INSERT INTO DIRETOR VALUES('93','21');
INSERT INTO DIRETOR VALUES('109','22');

INSERT INTO DIRETOR VALUES('116','23');
INSERT INTO DIRETOR VALUES('115','24');

INSERT INTO DIRETOR VALUES('42','25');
INSERT INTO DIRETOR VALUES('45','26');

INSERT INTO DIRETOR VALUES('50','27');
INSERT INTO DIRETOR VALUES('52','28');

INSERT INTO DIRETOR VALUES('33','29');
INSERT INTO DIRETOR VALUES('36','30');

INSERT INTO DIRETOR VALUES('104','31');
INSERT INTO DIRETOR VALUES('101','32');

INSERT INTO DIRETOR VALUES('10','33');
INSERT INTO DIRETOR VALUES('14','34');

INSERT INTO DIRETOR VALUES('40','35');
INSERT INTO DIRETOR VALUES('58','36');

INSERT INTO DIRETOR VALUES('47','37');
INSERT INTO DIRETOR VALUES('61','38');

INSERT INTO DIRETOR VALUES('19','39');
INSERT INTO DIRETOR VALUES('23','40');

INSERT INTO DIRETOR VALUES('48','41');
INSERT INTO DIRETOR VALUES('55','42');

INSERT INTO DIRETOR VALUES('120','43');
INSERT INTO DIRETOR VALUES('121','44');




INSERT INTO SUBDIRETOR VALUES('113','1');
INSERT INTO SUBDIRETOR VALUES('114','2');

INSERT INTO SUBDIRETOR VALUES('65','3');
INSERT INTO SUBDIRETOR VALUES('73','4');

INSERT INTO SUBDIRETOR VALUES('15','5');
INSERT INTO SUBDIRETOR VALUES('30','6');

INSERT INTO SUBDIRETOR VALUES('28','7');
INSERT INTO SUBDIRETOR VALUES('33','8');

INSERT INTO SUBDIRETOR VALUES('9','9');
INSERT INTO SUBDIRETOR VALUES('12','10');

INSERT INTO SUBDIRETOR VALUES('17','11');
INSERT INTO SUBDIRETOR VALUES('24','12');

INSERT INTO SUBDIRETOR VALUES('81','13');
INSERT INTO SUBDIRETOR VALUES('95','14');

INSERT INTO SUBDIRETOR VALUES('108','15');
INSERT INTO SUBDIRETOR VALUES('110','16');

INSERT INTO SUBDIRETOR VALUES('71','17');
INSERT INTO SUBDIRETOR VALUES('72','18');

INSERT INTO SUBDIRETOR VALUES('107','19');
INSERT INTO SUBDIRETOR VALUES('97','20');

INSERT INTO SUBDIRETOR VALUES('37','21');
INSERT INTO SUBDIRETOR VALUES('54','22');

INSERT INTO SUBDIRETOR VALUES('68','23');
INSERT INTO SUBDIRETOR VALUES('69','24');

INSERT INTO SUBDIRETOR VALUES('83','25');
INSERT INTO SUBDIRETOR VALUES('89','26');

INSERT INTO SUBDIRETOR VALUES('79','27');
INSERT INTO SUBDIRETOR VALUES('105','28');

INSERT INTO SUBDIRETOR VALUES('44','29');
INSERT INTO SUBDIRETOR VALUES('39','30');

INSERT INTO SUBDIRETOR VALUES('99','31');
INSERT INTO SUBDIRETOR VALUES('91','32');

INSERT INTO SUBDIRETOR VALUES('29','33');
INSERT INTO SUBDIRETOR VALUES('31','34');

INSERT INTO SUBDIRETOR VALUES('100','35');
INSERT INTO SUBDIRETOR VALUES('84','36');

INSERT INTO SUBDIRETOR VALUES('82','37');
INSERT INTO SUBDIRETOR VALUES('64','38');

INSERT INTO SUBDIRETOR VALUES('85','39');
INSERT INTO SUBDIRETOR VALUES('92','40');
 
INSERT INTO SUBDIRETOR VALUES('86','41');
INSERT INTO SUBDIRETOR VALUES('87','42');

INSERT INTO SUBDIRETOR VALUES('88','43');
INSERT INTO SUBDIRETOR VALUES('66','44');


